team_name,country_code,confederation,fifa_rank,fifa_points,wins_last_10_matches,losses_last_10_matches,draws_last_10_matches,win_rate_last_year,goals_scored_avg,goals_conceded_avg,clean_sheets_last_10,shots_per_game,shots_on_target_ratio,avg_player_rating,star_players_count,market_value_million_eur,experience_avg_caps,coach_experience_years,recent_form_score,possession_avg,passing_accuracy,host_advantage,travel_distance_avg,climate_similarity_score,winner,points_per_match_last_10,goal_difference_avg,performance_index,value_per_cap,dominance_score,shot_quality,defensive_solidity,rank_tier,log_market_value,conf_AFC,conf_CAF,conf_CONCACAF,conf_CONMEBOL,conf_OFC,conf_UEFA,rank_Developing,rank_Elite,rank_Mid,rank_Strong
Poland,POL,UEFA,18,1675.2,5,4,1,0.52,1.11,0.91,3,11.3,0.34,75.0,3,256.0,26,10,6.5,47.3,76.8,0,6.2,0.61,1,1.6,0.20000000000000007,54.2,9.846153846153847,62.05,3.8420000000000005,0.3,Strong,5.54907608489522,False,False,False,False,False,True,False,False,False,True
Brazil,BRA,CONMEBOL,8,1831.2,7,2,1,0.69,2.31,0.76,5,19.2,0.502,86.2,4,1174.0,53,25,8.2,55.2,87.4,0,6.7,0.7,1,2.2,1.55,65.77,22.150943396226417,71.30000000000001,9.638399999999999,0.5,Elite,7.069023426578259,False,False,False,True,False,False,False,True,False,False
Netherlands,NED,UEFA,6,1769.3,6,2,2,0.585,1.85,0.62,3,15.9,0.472,85.3,3,741.0,49,12,7.2,56.3,88.4,0,8.0,0.61,1,2.0,1.23,60.904999999999994,15.122448979591837,72.35,7.5047999999999995,0.3,Elite,6.60934924316738,False,False,False,False,False,True,False,True,False,False
Germany,DEU,UEFA,17,1663.4,7,1,2,0.584,1.4,1.09,2,15.6,0.453,83.2,3,593.0,43,16,8.1,57.5,80.6,0,6.2,0.55,0,2.3,0.30999999999999983,63.31,13.790697674418604,69.05,7.0668,0.2,Strong,6.386879319362645,False,False,False,False,False,True,False,False,False,True
Nigeria,NGA,CAF,28,1476.6,3,5,2,0.39,0.95,1.97,2,6.2,0.319,70.8,0,236.0,21,1,3.1,45.1,72.5,0,8.6,0.48,0,1.1,-1.02,39.529999999999994,11.238095238095237,58.8,1.9778,0.2,Mid,5.4680601411351315,False,True,False,False,False,False,False,False,True,False
Austria,AUT,UEFA,24,1565.0,3,3,4,0.561,1.13,1.42,3,10.6,0.315,76.5,2,283.0,44,15,6.6,45.1,79.2,0,5.9,0.49,1,1.3,-0.29000000000000004,55.485,6.431818181818182,62.150000000000006,3.339,0.3,Mid,5.648974238161206,False,False,False,False,False,True,False,False,True,False
Peru,PER,CONMEBOL,36,1480.8,2,4,4,0.441,0.7,1.7,0,6.7,0.36,71.9,1,290.0,19,1,4.2,46.8,74.5,0,6.2,0.7,0,1.0,-1.0,44.275000000000006,15.263157894736842,60.65,2.412,0.0,Developing,5.673323267171493,False,False,False,True,False,False,True,False,False,False
Argentina,ARG,CONMEBOL,2,1919.4,8,2,0,0.68,2.31,0.82,5,17.5,0.502,83.1,5,1105.0,59,14,7.5,64.0,94.4,0,4.6,0.64,0,2.4,1.4900000000000002,62.13499999999999,18.728813559322035,79.2,8.785,0.5,Elite,7.00850518208228,False,False,False,True,False,False,False,True,False,False
Mexico,MEX,CONCACAF,14,1550.3,6,3,1,0.511,1.37,0.97,4,13.8,0.367,80.2,3,352.0,27,5,6.2,54.9,82.8,1,2.1,0.72,1,1.9,0.40000000000000013,54.879999999999995,13.037037037037036,68.85,5.0646,0.4,Strong,5.8664680569332965,False,False,True,False,False,False,False,False,False,True
Brazil,BRA,CONMEBOL,8,1847.2,7,1,2,0.78,2.02,0.83,3,17.0,0.427,85.6,5,1060.0,40,23,7.3,59.8,87.4,0,7.9,0.65,0,2.3,1.19,63.31,26.5,73.6,7.2589999999999995,0.3,Elite,6.966967138613983,False,False,False,True,False,False,False,True,False,False
Germany,DEU,UEFA,18,1766.1,7,1,2,0.589,1.8,0.94,5,15.2,0.373,85.6,2,562.0,40,7,6.5,61.4,85.5,0,7.3,0.74,1,2.3,0.8600000000000001,58.599999999999994,14.05,73.45,5.6696,0.5,Strong,6.333279628139691,False,False,False,False,False,True,False,False,False,True
Japan,JPN,AFC,21,1706.0,4,4,2,0.414,1.15,1.27,3,9.7,0.362,77.8,0,505.0,33,13,6.1,51.1,79.2,0,9.5,0.51,1,1.4,-0.1200000000000001,52.72,15.303030303030303,65.15,3.5113999999999996,0.3,Mid,6.226536669287466,True,False,False,False,False,False,False,False,True,False
Brazil,BRA,CONMEBOL,8,1934.4,9,1,0,0.718,2.18,0.46,5,16.8,0.481,85.0,4,1130.0,56,17,9.5,59.7,90.2,0,7.1,0.6,1,2.7,1.7200000000000002,70.18,20.178571428571427,74.95,8.0808,0.5,Elite,7.030857476116121,False,False,False,True,False,False,False,True,False,False
Spain,ESP,UEFA,7,1810.4,9,0,1,0.753,2.12,0.88,5,16.6,0.412,83.2,3,740.0,48,19,8.2,57.3,87.5,0,7.2,0.66,0,2.8,1.2400000000000002,65.35,15.416666666666666,72.4,6.8392,0.5,Elite,6.608000625296087,False,False,False,False,False,True,False,True,False,False
Sweden,SWE,UEFA,18,1644.6,3,3,4,0.484,1.17,1.05,1,9.6,0.341,71.7,2,262.0,38,6,4.5,45.2,83.1,0,6.4,0.59,1,1.3,0.11999999999999988,45.685,6.894736842105263,64.15,3.2736,0.1,Strong,5.572154032177765,False,False,False,False,False,True,False,False,False,True
Morocco,MAR,CAF,30,1610.7,3,5,2,0.537,1.43,1.46,2,9.1,0.37,80.6,2,422.0,25,3,6.4,54.0,83.2,0,9.6,0.31,1,1.1,-0.030000000000000027,55.98,16.88,68.6,3.367,0.2,Mid,6.0473721790462776,False,True,False,False,False,False,False,False,True,False
Germany,DEU,UEFA,17,1667.0,7,3,0,0.661,1.71,1.01,3,16.1,0.387,79.8,2,589.0,45,17,5.6,55.0,85.5,0,6.7,0.62,0,2.1,0.7,54.13999999999999,13.088888888888889,70.25,6.230700000000001,0.3,Strong,6.380122536899765,False,False,False,False,False,True,False,False,False,True
Australia,AUS,AFC,34,1704.8,3,5,2,0.536,1.52,0.97,2,13.5,0.361,79.8,2,339.0,43,3,4.2,55.5,78.5,0,13.7,0.54,1,1.1,0.55,47.989999999999995,7.883720930232558,67.0,4.8735,0.2,Mid,5.8289456176102075,True,False,False,False,False,False,False,False,True,False
Qatar,QAT,AFC,32,1458.6,1,7,2,0.253,1.26,1.98,2,6.5,0.289,70.4,2,210.0,17,7,3.9,47.1,76.9,0,13.0,0.6,0,0.5,-0.72,40.82,12.352941176470589,62.0,1.8784999999999998,0.2,Mid,5.351858133476067,True,False,False,False,False,False,False,False,True,False
Brazil,BRA,CONMEBOL,2,1797.9,6,1,3,0.766,2.66,0.93,3,19.7,0.548,88.3,4,1054.0,58,19,8.7,60.5,86.1,0,6.0,0.55,1,2.1,1.73,69.01499999999999,18.17241379310345,73.3,10.7956,0.3,Elite,6.961296045910167,False,False,False,True,False,False,False,True,False,False
Qatar,QAT,AFC,36,1548.8,3,4,3,0.441,0.8,1.49,0,7.1,0.355,70.1,0,208.0,35,6,5.2,49.2,77.0,0,8.5,0.36,0,1.2,-0.69,47.144999999999996,5.942857142857143,63.1,2.5204999999999997,0.0,Developing,5.342334251964811,True,False,False,False,False,False,True,False,False,False
Ecuador,ECU,CONMEBOL,21,1709.1,6,3,1,0.421,1.23,0.92,4,11.3,0.342,78.1,1,542.0,41,11,4.9,54.0,76.6,0,7.6,0.76,0,1.9,0.30999999999999994,48.695,13.21951219512195,65.3,3.8646000000000007,0.4,Mid,6.297109319933935,False,False,False,True,False,False,False,False,True,False
Croatia,CRO,UEFA,6,1664.9,6,2,2,0.558,1.42,0.83,2,14.4,0.478,81.6,3,602.0,51,17,5.7,50.4,80.1,0,5.3,0.66,0,2.0,0.59,54.08999999999999,11.803921568627452,65.25,6.8831999999999995,0.2,Elite,6.401917196727186,False,False,False,False,False,True,False,True,False,False
England,ENG,UEFA,2,1966.9,6,0,4,0.691,2.05,0.56,6,15.4,0.501,87.3,5,757.0,65,9,8.4,65.8,93.2,0,8.9,0.48,1,2.2,1.4899999999999998,66.865,11.646153846153846,79.5,7.7154,0.6,Elite,6.630683385642372,False,False,False,False,False,True,False,True,False,False
Ivory Coast,CIV,CAF,50,1551.0,1,5,4,0.401,1.22,1.82,1,7.8,0.303,72.7,2,216.0,16,4,3.9,44.5,73.0,0,9.1,0.46,1,0.7,-0.6000000000000001,43.105,13.5,58.75,2.3634,0.1,Developing,5.37989735354046,False,True,False,False,False,False,True,False,False,False
Italy,ITA,UEFA,9,1826.4,5,2,3,0.586,1.86,0.8,4,12.6,0.367,80.1,3,729.0,38,12,7.6,54.9,85.2,0,8.9,0.63,1,1.8,1.06,60.49499999999999,19.18421052631579,70.05,4.6242,0.4,Elite,6.593044534142437,False,False,False,False,False,True,False,True,False,False
Argentina,ARG,CONMEBOL,2,1818.9,6,1,3,0.757,2.16,0.94,3,17.0,0.504,83.3,3,941.0,61,22,8.5,57.0,85.0,0,7.5,0.57,1,2.1,1.2200000000000002,66.475,15.426229508196721,71.0,8.568,0.3,Elite,6.848005274576363,False,False,False,True,False,False,False,True,False,False
Argentina,ARG,CONMEBOL,4,1861.2,9,1,0,0.662,1.95,0.48,5,19.4,0.477,86.7,3,1134.0,45,10,8.2,56.4,86.8,0,6.3,0.76,1,2.7,1.47,65.66499999999999,25.2,71.6,9.253799999999998,0.5,Elite,7.034387929915503,False,False,False,True,False,False,False,True,False,False
Turkey,TUR,UEFA,40,1518.7,4,5,1,0.362,0.88,1.78,1,8.9,0.324,73.0,2,268.0,19,6,3.5,46.1,75.0,0,6.3,0.73,1,1.3,-0.9,41.419999999999995,14.105263157894736,60.55,2.8836000000000004,0.1,Developing,5.594711379601839,False,False,False,False,False,True,True,False,False,False
Serbia,SRB,UEFA,35,1697.3,5,4,1,0.404,1.49,1.5,2,11.0,0.416,80.1,2,543.0,30,5,6.5,52.9,79.8,0,8.4,0.51,1,1.6,-0.010000000000000009,54.824999999999996,18.1,66.35,4.576,0.2,Mid,6.298949246855942,False,False,False,False,False,True,False,False,True,False
Qatar,QAT,AFC,47,1448.5,3,4,3,0.392,0.57,1.71,2,8.4,0.295,70.4,1,282.0,19,7,3.9,42.0,70.9,0,8.8,0.3,1,1.2,-1.1400000000000001,42.21,14.842105263157896,56.45,2.4779999999999998,0.2,Developing,5.645446897643238,True,False,False,False,False,False,True,False,False,False
Nigeria,NGA,CAF,32,1566.1,4,5,1,0.433,1.29,1.41,2,6.3,0.324,74.0,0,225.0,23,5,2.7,41.6,78.1,0,9.7,0.41,0,1.3,-0.11999999999999988,39.68,9.782608695652174,59.849999999999994,2.0412,0.2,Mid,5.420534999272286,False,True,False,False,False,False,False,False,True,False
South Korea,KOR,AFC,19,1599.4,6,3,1,0.493,1.21,1.32,3,11.9,0.343,76.7,2,413.0,32,10,5.9,46.3,81.3,0,10.0,0.35,0,1.9,-0.1100000000000001,52.425000000000004,12.90625,63.8,4.0817000000000005,0.3,Strong,6.025865973825314,True,False,False,False,False,False,False,False,False,True
China,CHN,AFC,33,1550.5,1,4,5,0.386,0.53,1.77,1,8.5,0.326,70.7,0,220.0,18,8,4.7,45.0,74.9,0,10.5,0.57,0,0.8,-1.24,45.055,12.222222222222221,59.95,2.771,0.1,Mid,5.3981627015177525,True,False,False,False,False,False,False,False,True,False
Uruguay,URU,CONMEBOL,15,1712.2,7,2,1,0.608,1.58,0.85,3,16.7,0.37,83.1,3,490.0,35,19,7.7,57.1,89.2,0,7.2,0.56,1,2.2,0.7300000000000001,62.114999999999995,14.0,73.15,6.178999999999999,0.3,Strong,6.19644412779452,False,False,False,True,False,False,False,False,False,True
Morocco,MAR,CAF,25,1705.6,4,4,2,0.425,1.17,0.92,4,9.6,0.411,80.1,3,318.0,39,7,5.1,53.2,82.9,0,9.4,0.28,0,1.4,0.2499999999999999,50.13499999999999,8.153846153846153,68.05000000000001,3.9455999999999998,0.4,Mid,5.765191102784844,False,True,False,False,False,False,False,False,True,False
Jamaica,JAM,CONCACAF,34,1469.4,2,6,2,0.347,0.53,2.11,1,6.9,0.29,72.9,0,265.0,25,6,2.8,42.1,79.8,0,1.6,0.84,0,0.8,-1.5799999999999998,38.785,10.6,60.95,2.001,0.1,Mid,5.583496308781699,False,False,True,False,False,False,False,False,True,False
Serbia,SRB,UEFA,34,1593.9,6,4,0,0.441,1.13,0.83,2,13.2,0.37,76.1,3,386.0,26,8,5.3,49.4,76.6,0,5.7,0.71,1,1.8,0.29999999999999993,49.595,14.846153846153847,63.0,4.8839999999999995,0.2,Mid,5.958424693029782,False,False,False,False,False,True,False,False,True,False
Wales,WAL,UEFA,41,1505.3,1,6,3,0.239,1.07,1.86,0,8.8,0.256,71.4,2,204.0,29,5,2.6,46.5,71.0,0,6.0,0.67,1,0.6,-0.79,36.480000000000004,7.0344827586206895,58.75,2.2528,0.0,Developing,5.3230099791384085,False,False,False,False,False,True,True,False,False,False
Senegal,SEN,CAF,34,1697.2,5,3,2,0.547,1.59,0.89,3,11.9,0.351,80.2,3,437.0,35,12,6.5,49.0,83.3,0,8.4,0.48,1,1.7,0.7000000000000001,56.29,12.485714285714286,66.15,4.1769,0.3,Mid,6.082218910376446,False,True,False,False,False,False,False,False,True,False
Canada,CAN,CONCACAF,49,1556.0,1,5,4,0.322,1.22,2.0,0,8.4,0.292,75.2,1,314.0,21,9,5.0,48.3,75.3,1,0.9,0.77,0,0.7,-0.78,47.04,14.952380952380953,61.8,2.4528,0.0,Developing,5.752572638825633,False,False,True,False,False,False,True,False,False,False
France,FRA,UEFA,1,1889.4,9,2,0,0.652,1.94,0.94,5,17.6,0.49,87.7,5,987.0,56,21,7.1,57.2,85.8,0,7.4,0.52,1,2.4545454545454546,1.0,62.065000000000005,17.625,71.5,8.624,0.5,Elite,6.895682697747868,False,False,False,False,False,True,False,True,False,False
Germany,DEU,UEFA,5,1779.9,8,3,0,0.631,1.93,1.16,2,14.4,0.385,82.8,4,688.0,45,5,7.0,57.2,87.7,0,5.4,0.47,1,2.1818181818181817,0.77,59.79,15.28888888888889,72.45,5.5440000000000005,0.2,Elite,6.535241271013659,False,False,False,False,False,True,False,True,False,False
Belgium,BEL,UEFA,7,1664.0,8,3,0,0.551,1.48,0.79,4,16.6,0.368,85.7,4,659.0,46,18,8.4,59.1,87.6,0,7.9,0.64,1,2.1818181818181817,0.69,64.905,14.326086956521738,73.35,6.1088000000000005,0.4,Elite,6.492239835020471,False,False,False,False,False,True,False,True,False,False
France,FRA,UEFA,3,1997.3,6,1,3,0.659,2.39,1.0,4,17.4,0.537,83.2,3,1066.0,58,23,7.3,60.5,92.5,0,5.2,0.59,1,2.1,1.3900000000000001,61.260000000000005,18.379310344827587,76.5,9.3438,0.4,Elite,6.9726062513017535,False,False,False,False,False,True,False,True,False,False
Portugal,POR,UEFA,17,1663.9,5,3,2,0.673,1.45,0.79,2,14.7,0.436,84.2,2,804.0,44,16,6.2,50.3,80.2,0,8.5,0.61,0,1.7,0.6599999999999999,57.900000000000006,18.272727272727273,65.25,6.409199999999999,0.2,Strong,6.690842277418564,False,False,False,False,False,True,False,False,False,True
Argentina,ARG,CONMEBOL,4,1791.6,6,0,4,0.746,2.43,0.92,3,18.6,0.463,84.7,2,1066.0,56,10,8.4,58.9,92.2,0,6.4,0.62,0,2.2,1.5100000000000002,66.505,19.035714285714285,75.55,8.6118,0.3,Elite,6.9726062513017535,False,False,False,True,False,False,False,True,False,False
Netherlands,NED,UEFA,9,1791.5,7,2,1,0.699,2.16,0.88,2,16.9,0.447,79.5,2,710.0,55,7,7.0,52.8,82.2,0,5.7,0.68,0,2.2,1.2800000000000002,59.315000000000005,12.909090909090908,67.5,7.5543,0.2,Elite,6.566672429803241,False,False,False,False,False,True,False,True,False,False
Poland,POL,UEFA,28,1614.0,6,3,1,0.435,1.28,1.33,2,14.0,0.408,77.2,1,317.0,39,11,5.8,51.4,83.8,0,6.1,0.49,0,1.9,-0.050000000000000044,51.67,8.128205128205128,67.6,5.712,0.2,Mid,5.762051382780177,False,False,False,False,False,True,False,False,True,False
Croatia,CRO,UEFA,9,1782.3,6,3,1,0.594,1.98,0.9,3,16.8,0.364,85.3,2,790.0,42,17,6.9,57.1,83.5,0,7.7,0.62,0,1.9,1.08,59.94499999999999,18.80952380952381,70.3,6.1152,0.3,Elite,6.673297967767654,False,False,False,False,False,True,False,True,False,False
Uruguay,URU,CONMEBOL,12,1694.2,7,3,0,0.607,1.59,1.16,5,15.1,0.448,80.1,4,835.0,53,19,8.0,51.5,87.4,0,4.6,0.75,0,2.1,0.43000000000000016,62.105,15.754716981132075,69.45,6.7648,0.5,Strong,6.728628613084702,False,False,False,True,False,False,False,False,False,True
Germany,DEU,UEFA,6,1764.1,8,1,1,0.572,1.63,0.61,2,16.8,0.394,83.4,3,751.0,38,8,7.6,50.8,87.1,0,5.3,0.62,1,2.5,1.02,61.51,19.763157894736842,68.94999999999999,6.6192,0.2,Elite,6.62273632394984,False,False,False,False,False,True,False,True,False,False
Netherlands,NED,UEFA,6,1828.2,7,1,2,0.572,2.01,0.61,4,16.1,0.398,84.7,4,723.0,36,18,6.9,61.3,88.5,0,7.1,0.7,1,2.3,1.4,59.515,20.083333333333332,74.9,6.407800000000001,0.4,Elite,6.584791392385716,False,False,False,False,False,True,False,True,False,False
Algeria,ALG,CAF,30,1590.2,4,7,0,0.383,1.23,2.06,1,9.8,0.282,72.2,1,361.0,29,2,2.7,40.3,73.7,0,10.5,0.39,0,1.0909090909090908,-0.8300000000000001,38.55,12.448275862068966,57.0,2.7636,0.1,Mid,5.8916442118257715,False,True,False,False,False,False,False,False,True,False
Sweden,SWE,UEFA,32,1533.8,5,3,2,0.552,1.44,0.89,1,13.6,0.416,75.3,3,394.0,38,9,4.4,52.5,77.0,0,7.0,0.47,0,1.7,0.5499999999999999,47.275,10.368421052631579,64.75,5.6575999999999995,0.1,Mid,5.978885764901122,False,False,False,False,False,True,False,False,True,False
Serbia,SRB,UEFA,19,1602.2,4,5,1,0.496,1.42,1.0,1,12.8,0.414,80.4,3,394.0,33,3,4.3,51.3,79.8,0,5.8,0.55,1,1.3,0.41999999999999993,48.15,11.93939393939394,65.55,5.2992,0.1,Strong,5.978885764901122,False,False,False,False,False,True,False,False,False,True
Spain,ESP,UEFA,1,1799.3,6,1,3,0.815,2.16,0.59,4,18.1,0.52,84.4,5,1035.0,47,18,7.4,66.7,91.2,0,7.5,0.54,1,2.1,1.5700000000000003,63.589999999999996,22.02127659574468,78.95,9.412,0.4,Elite,6.943122422819428,False,False,False,False,False,True,False,True,False,False
Ghana,GHA,CAF,34,1532.2,4,7,0,0.404,0.86,1.84,0,6.8,0.281,75.1,2,317.0,27,3,2.8,49.8,71.8,0,10.2,0.45,0,1.0909090909090908,-0.9800000000000001,40.12499999999999,11.74074074074074,60.8,1.9108,0.0,Mid,5.762051382780177,False,True,False,False,False,False,False,False,True,False
Spain,ESP,UEFA,6,1853.1,9,0,1,0.78,2.0,0.81,7,16.5,0.431,88.9,3,1134.0,65,12,8.0,59.8,85.4,0,8.5,0.62,0,2.8,1.19,66.91499999999999,17.446153846153845,72.6,7.1114999999999995,0.7,Elite,7.034387929915503,False,False,False,False,False,True,False,True,False,False
Uruguay,URU,CONMEBOL,10,1767.9,7,3,0,0.705,1.57,0.97,5,16.2,0.381,84.4,3,522.0,46,18,8.4,52.2,84.9,0,5.0,0.77,1,2.1,0.6000000000000001,65.99,11.347826086956522,68.55000000000001,6.1722,0.5,Elite,6.259581464064923,False,False,False,True,False,False,False,True,False,False
Honduras,HON,CONCACAF,29,1419.1,1,6,3,0.442,0.71,1.86,2,8.9,0.304,72.8,2,282.0,25,10,2.3,41.7,73.4,0,2.6,0.81,1,0.6,-1.1500000000000001,37.949999999999996,11.28,57.550000000000004,2.7056,0.2,Mid,5.645446897643238,False,False,True,False,False,False,False,False,True,False
Poland,POL,UEFA,22,1662.0,3,5,2,0.556,1.49,1.11,3,13.3,0.325,73.5,1,546.0,33,7,6.8,45.4,79.5,0,8.7,0.54,0,1.1,0.3799999999999999,55.085,16.545454545454547,62.45,4.322500000000001,0.3,Mid,6.304448802421981,False,False,False,False,False,True,False,False,True,False
Morocco,MAR,CAF,35,1650.9,4,3,3,0.528,1.61,1.12,3,11.6,0.341,77.7,3,259.0,37,6,6.1,47.2,84.7,0,7.4,0.45,0,1.5,0.49,53.825,7.0,65.95,3.9556,0.3,Mid,5.560681631015528,False,True,False,False,False,False,False,False,True,False
Ecuador,ECU,CONMEBOL,22,1650.3,4,3,3,0.566,1.61,1.34,3,13.7,0.383,78.7,3,532.0,38,7,6.0,51.3,76.6,0,6.4,0.63,0,1.5,0.27,54.205,14.0,63.949999999999996,5.2471,0.3,Mid,6.278521424165844,False,False,False,True,False,False,False,False,True,False
Turkey,TUR,UEFA,48,1513.4,1,6,3,0.363,1.11,2.13,2,10.0,0.327,75.6,2,356.0,15,8,3.0,46.5,76.3,0,7.4,0.62,0,0.6,-1.0199999999999998,40.589999999999996,23.733333333333334,61.4,3.27,0.2,Developing,5.877735781779639,False,False,False,False,False,True,True,False,False,False
Iran,IRN,AFC,33,1414.6,3,7,0,0.361,1.11,1.7,0,10.3,0.293,73.4,0,346.0,26,5,3.4,45.8,76.1,0,12.6,0.58,1,0.9,-0.5899999999999999,41.2,13.307692307692308,60.949999999999996,3.0179,0.0,Mid,5.849324779946859,True,False,False,False,False,False,False,False,True,False
Germany,DEU,UEFA,11,1727.6,8,3,0,0.703,1.59,1.16,4,13.0,0.412,80.4,3,644.0,50,9,6.4,53.7,85.4,0,6.2,0.63,1,2.1818181818181817,0.43000000000000016,57.57000000000001,12.88,69.55000000000001,5.356,0.4,Strong,6.4692503167957724,False,False,False,False,False,True,False,False,False,True
Brazil,BRA,CONMEBOL,7,1969.1,8,0,2,0.792,1.91,0.74,4,19.5,0.464,83.6,4,975.0,63,20,8.9,67.4,93.2,0,7.5,0.61,1,2.6,1.17,68.33,15.476190476190476,80.30000000000001,9.048,0.4,Elite,6.883462586413092,False,False,False,True,False,False,False,True,False,False
Italy,ITA,UEFA,17,1813.1,8,1,1,0.593,1.64,1.04,5,14.1,0.437,79.7,3,631.0,52,9,6.0,58.8,82.2,0,5.4,0.46,1,2.5,0.5999999999999999,54.824999999999996,12.134615384615385,70.5,6.1617,0.5,Strong,6.448889394146858,False,False,False,False,False,True,False,False,False,True
Netherlands,NED,UEFA,17,1660.5,5,2,3,0.651,1.94,0.87,2,15.6,0.44,85.9,3,492.0,40,14,8.2,59.3,86.5,0,7.4,0.57,0,1.8,1.0699999999999998,65.275,12.3,72.9,6.864,0.2,Strong,6.20050917404269,False,False,False,False,False,True,False,False,False,True
Germany,DEU,UEFA,17,1743.4,6,1,3,0.659,1.62,0.96,4,14.7,0.392,81.3,3,471.0,46,6,6.6,61.9,83.3,0,7.3,0.48,1,2.1,0.6600000000000001,58.144999999999996,10.23913043478261,72.6,5.7623999999999995,0.4,Strong,6.156978985585555,False,False,False,False,False,True,False,False,False,True
Algeria,ALG,CAF,50,1551.2,1,7,2,0.445,0.88,1.58,2,8.0,0.241,75.3,0,352.0,35,4,4.2,40.9,71.3,0,10.3,0.48,0,0.5,-0.7000000000000001,45.505,10.057142857142857,56.099999999999994,1.928,0.2,Developing,5.8664680569332965,False,True,False,False,False,False,True,False,False,False
Ukraine,UKR,UEFA,29,1476.2,2,6,2,0.338,0.74,1.6,2,10.7,0.342,71.1,1,289.0,19,4,2.7,49.3,78.2,0,6.5,0.71,1,0.8,-0.8600000000000001,37.715,15.210526315789474,63.75,3.6594,0.2,Mid,5.66988092298052,False,False,False,False,False,True,False,False,True,False
Italy,ITA,UEFA,9,1654.1,7,2,1,0.609,2.18,0.98,2,14.9,0.412,81.2,4,645.0,48,20,5.0,52.1,84.0,0,5.6,0.56,0,2.2,1.2000000000000002,52.010000000000005,13.4375,68.05,6.1388,0.2,Elite,6.470799503782602,False,False,False,False,False,True,False,True,False,False
Sweden,SWE,UEFA,23,1712.5,6,5,0,0.587,1.61,0.99,3,12.2,0.326,78.3,3,296.0,43,7,6.3,50.1,84.9,0,5.2,0.66,0,1.6363636363636365,0.6200000000000001,55.324999999999996,6.883720930232558,67.5,3.9772,0.3,Mid,5.6937321388027,False,False,False,False,False,True,False,False,True,False
Colombia,COL,CONMEBOL,16,1761.2,8,3,0,0.59,1.58,0.7,5,14.6,0.405,79.9,4,630.0,37,11,7.1,55.8,83.9,0,7.9,0.61,0,2.1818181818181817,0.8800000000000001,58.714999999999996,17.027027027027028,69.85,5.913,0.5,Strong,6.447305862541213,False,False,False,True,False,False,False,False,False,True
Paraguay,PAR,CONMEBOL,48,1552.1,2,7,1,0.355,0.76,2.03,0,10.9,0.332,76.7,0,220.0,25,5,5.0,41.0,71.5,0,5.3,0.73,0,0.7,-1.2699999999999998,47.894999999999996,8.8,56.25,3.6188000000000002,0.0,Developing,5.3981627015177525,False,False,False,True,False,False,True,False,False,False
USA,USA,CONCACAF,24,1529.3,6,2,2,0.463,1.48,1.11,1,10.4,0.412,75.8,1,498.0,26,10,6.7,52.0,75.7,1,1.8,0.74,0,2.0,0.3699999999999999,54.61,19.153846153846153,63.85,4.2848,0.1,Mid,6.212606095751519,False,False,True,False,False,False,False,False,True,False
Netherlands,NED,UEFA,17,1656.8,7,3,0,0.562,1.46,0.61,2,14.5,0.4,82.2,4,838.0,53,11,7.9,54.3,85.5,0,8.3,0.47,0,2.1,0.85,62.040000000000006,15.81132075471698,69.9,5.800000000000001,0.2,Strong,6.732210706467206,False,False,False,False,False,True,False,False,False,True
Portugal,POR,UEFA,12,1762.4,6,3,1,0.552,1.6,0.76,2,15.2,0.419,78.1,2,579.0,38,16,6.9,51.4,89.2,0,7.1,0.63,0,1.9,0.8400000000000001,57.005,15.236842105263158,70.3,6.368799999999999,0.2,Strong,6.363028103540465,False,False,False,False,False,True,False,False,False,True
Senegal,SEN,CAF,20,1581.9,5,3,2,0.478,1.11,0.99,4,9.6,0.324,80.2,1,336.0,31,3,4.8,51.0,77.2,0,10.9,0.47,0,1.7,0.1200000000000001,49.650000000000006,10.838709677419354,64.1,3.1104,0.4,Strong,5.820082930352362,False,True,False,False,False,False,False,False,False,True
Netherlands,NED,UEFA,13,1818.7,5,1,4,0.568,1.95,0.66,3,13.1,0.416,84.9,2,615.0,39,17,7.7,57.3,81.5,0,5.4,0.62,1,1.9,1.29,62.345,15.76923076923077,69.4,5.449599999999999,0.3,Strong,6.423246963533519,False,False,False,False,False,True,False,False,False,True
Australia,AUS,AFC,27,1678.6,6,2,2,0.598,1.07,1.08,2,12.3,0.337,79.2,2,435.0,26,11,6.6,50.9,83.5,0,13.0,0.59,0,2.0,-0.010000000000000009,56.79999999999999,16.73076923076923,67.2,4.1451,0.2,Mid,6.077642243349034,True,False,False,False,False,False,False,False,True,False
Peru,PER,CONMEBOL,33,1575.3,1,5,4,0.296,1.01,1.98,1,9.0,0.275,72.9,2,201.0,20,4,2.6,43.9,78.7,0,6.0,0.73,0,0.7,-0.97,37.575,10.05,61.3,2.475,0.1,Mid,5.308267697401205,False,False,False,True,False,False,False,False,True,False
Colombia,COL,CONMEBOL,12,1758.6,6,2,2,0.652,1.42,0.79,4,12.4,0.358,81.3,3,843.0,55,19,8.0,56.2,81.2,0,6.9,0.61,0,2.0,0.6299999999999999,62.975,15.327272727272728,68.7,4.4392,0.4,Strong,6.738152494595957,False,False,False,True,False,False,False,False,False,True
Germany,DEU,UEFA,10,1765.7,5,2,3,0.57,1.73,1.1,4,15.7,0.474,80.4,2,842.0,37,17,9.7,57.0,87.0,0,8.7,0.68,1,1.8,0.6299999999999999,67.78999999999999,22.756756756756758,72.0,7.441799999999999,0.4,Elite,6.736966958001855,False,False,False,False,False,True,False,True,False,False
Honduras,HON,CONCACAF,32,1496.2,1,5,4,0.321,0.61,1.28,2,10.5,0.347,75.5,1,210.0,28,9,4.6,46.6,70.7,0,0.6,0.77,0,0.7,-0.67,45.73499999999999,7.5,58.650000000000006,3.6434999999999995,0.2,Mid,5.351858133476067,False,False,True,False,False,False,False,False,True,False
Japan,JPN,AFC,33,1594.4,3,2,5,0.413,1.34,0.82,4,12.1,0.367,76.4,2,373.0,31,8,6.2,45.2,84.6,0,11.4,0.63,0,1.4,0.5200000000000001,52.57,12.03225806451613,64.9,4.4407,0.4,Mid,5.924255797414532,True,False,False,False,False,False,False,False,True,False
Argentina,ARG,CONMEBOL,2,1995.5,6,2,2,0.69,2.37,0.68,3,19.7,0.545,84.3,3,776.0,43,17,7.3,63.9,94.8,0,4.9,0.65,1,2.0,1.69,61.95499999999999,18.046511627906977,79.35,10.736500000000001,0.3,Elite,6.655440350367647,False,False,False,True,False,False,False,True,False,False
France,FRA,UEFA,2,1886.6,6,0,4,0.783,2.02,0.46,5,17.9,0.482,83.4,4,1103.0,49,10,7.2,65.2,87.6,0,5.7,0.55,1,2.2,1.56,62.22,22.510204081632654,76.4,8.627799999999999,0.5,Elite,7.00669522683704,False,False,False,False,False,True,False,True,False,False
Argentina,ARG,CONMEBOL,5,1925.1,9,1,0,0.839,2.36,0.85,3,14.2,0.41,86.2,3,895.0,42,13,8.1,60.9,85.9,0,5.8,0.6,1,2.7,1.5099999999999998,66.91,21.30952380952381,73.4,5.821999999999999,0.3,Elite,6.79794041297493,False,False,False,True,False,False,False,True,False,False
Poland,POL,UEFA,19,1675.5,5,4,1,0.579,1.36,1.11,2,13.0,0.338,80.0,3,519.0,35,10,5.5,51.6,78.6,0,7.9,0.7,0,1.6,0.25,53.04,14.82857142857143,65.1,4.394,0.2,Strong,6.253828811575473,False,False,False,False,False,True,False,False,False,True
Saudi Arabia,KSA,AFC,46,1576.5,4,6,0,0.28,1.29,1.69,0,9.3,0.309,71.2,1,376.0,19,9,2.3,40.3,72.1,0,10.3,0.64,0,1.2,-0.3999999999999999,35.769999999999996,19.789473684210527,56.199999999999996,2.8737000000000004,0.0,Developing,5.932245187448011,True,False,False,False,False,False,True,False,False,False
Mexico,MEX,CONCACAF,35,1608.7,5,5,0,0.505,1.17,0.88,2,9.5,0.329,72.5,0,472.0,42,12,5.8,49.8,82.4,1,2.5,0.91,1,1.5,0.2899999999999999,50.724999999999994,11.238095238095237,66.1,3.1255,0.2,Mid,6.159095388491933,False,False,True,False,False,False,False,False,True,False
France,FRA,UEFA,3,1931.0,9,2,0,0.683,2.46,1.0,5,18.2,0.477,85.1,5,734.0,64,21,9.3,66.7,93.1,0,5.2,0.72,1,2.4545454545454546,1.46,69.165,11.46875,79.9,8.6814,0.5,Elite,6.5998704992128365,False,False,False,False,False,True,False,True,False,False
Uruguay,URU,CONMEBOL,9,1748.4,7,3,0,0.686,1.78,0.61,5,15.7,0.469,81.0,2,567.0,53,7,7.8,59.7,89.6,0,6.9,0.63,0,2.1,1.17,62.51,10.69811320754717,74.65,7.363299999999999,0.5,Elite,6.342121418721152,False,False,False,True,False,False,False,True,False,False
Honduras,HON,CONCACAF,41,1443.7,1,4,5,0.224,0.69,1.21,0,10.1,0.23,71.6,1,334.0,18,4,5.1,48.8,73.4,0,3.0,0.86,0,0.8,-0.52,45.15,18.555555555555557,61.1,2.323,0.0,Developing,5.814130531825066,False,False,True,False,False,False,True,False,False,False
South Korea,KOR,AFC,25,1688.3,5,2,3,0.45,1.15,1.14,1,9.5,0.409,78.7,1,269.0,25,10,5.6,49.7,79.3,0,12.6,0.51,0,1.8,0.010000000000000009,51.644999999999996,10.76,64.5,3.8855,0.1,Mid,5.598421958998375,True,False,False,False,False,False,False,False,True,False
New Zealand,NZL,OFC,46,1489.0,1,4,5,0.259,0.91,1.3,1,9.9,0.356,71.8,1,285.0,23,1,2.9,44.1,70.0,0,10.2,0.5,0,0.8,-0.39,37.870000000000005,12.391304347826088,57.05,3.5244,0.1,Developing,5.655991810819852,False,False,False,False,True,False,True,False,False,False
Wales,WAL,UEFA,30,1439.2,3,7,0,0.319,0.97,1.74,0,6.0,0.251,70.3,0,261.0,35,5,4.0,45.1,79.3,0,6.6,0.48,0,0.9,-0.77,41.794999999999995,7.457142857142857,62.2,1.506,0.0,Mid,5.568344503761097,False,False,False,False,False,True,False,False,True,False
Brazil,BRA,CONMEBOL,7,1906.5,8,0,2,0.659,2.25,0.96,7,16.4,0.463,85.9,3,1057.0,51,23,7.9,64.3,92.2,0,7.5,0.55,0,2.6,1.29,64.305,20.725490196078432,78.25,7.5931999999999995,0.7,Elite,6.964135612418245,False,False,False,True,False,False,False,True,False,False
Ghana,GHA,CAF,31,1473.8,3,6,1,0.337,1.22,1.6,2,7.8,0.352,74.7,0,316.0,33,10,3.8,41.4,71.5,0,7.7,0.44,0,1.0,-0.3800000000000001,42.815,9.575757575757576,56.45,2.7455999999999996,0.2,Mid,5.75890177387728,False,True,False,False,False,False,False,False,True,False
Austria,AUT,UEFA,19,1680.4,3,3,4,0.459,1.34,1.2,2,13.6,0.397,75.5,1,469.0,30,14,5.2,54.4,75.8,0,7.2,0.71,0,1.3,0.14000000000000012,49.215,15.633333333333333,65.1,5.3992,0.2,Strong,6.152732694704104,False,False,False,False,False,True,False,False,False,True
South Korea,KOR,AFC,20,1594.8,6,4,0,0.402,1.26,0.82,4,12.4,0.345,75.2,1,444.0,29,10,6.3,55.4,80.2,0,10.3,0.3,0,1.8,0.44000000000000006,52.39000000000001,15.310344827586206,67.8,4.278,0.4,Strong,6.09807428216624,True,False,False,False,False,False,False,False,False,True
Netherlands,NED,UEFA,5,1771.9,5,2,3,0.627,1.95,0.68,2,13.1,0.477,82.7,2,604.0,48,10,8.3,55.0,83.1,0,5.6,0.6,1,1.8,1.27,64.265,12.583333333333334,69.05,6.2486999999999995,0.2,Elite,6.405228458030842,False,False,False,False,False,True,False,True,False,False
Poland,POL,UEFA,17,1632.6,6,2,2,0.418,1.42,0.91,1,10.9,0.341,77.8,1,393.0,37,4,4.5,47.7,78.6,0,8.3,0.66,0,2.0,0.5099999999999999,47.16,10.621621621621621,63.15,3.7169000000000003,0.1,Strong,5.976350909297934,False,False,False,False,False,True,False,False,False,True
Argentina,ARG,CONMEBOL,5,1992.6,8,2,0,0.766,1.94,0.67,4,16.9,0.46,90.0,4,1012.0,64,12,9.2,56.9,92.1,0,7.6,0.58,1,2.4,1.27,71.35999999999999,15.8125,74.5,7.774,0.4,Elite,6.920671504248683,False,False,False,True,False,False,False,True,False,False
Mexico,MEX,CONCACAF,33,1673.9,6,2,2,0.536,1.33,0.82,2,9.7,0.356,80.9,2,427.0,28,8,5.6,51.2,81.1,1,2.8,0.79,0,2.0,0.5100000000000001,53.275,15.25,66.15,3.4531999999999994,0.2,Mid,6.059123195581797,False,False,True,False,False,False,False,False,True,False
USA,USA,CONCACAF,30,1632.5,5,5,0,0.591,1.14,0.88,4,9.0,0.377,76.1,3,344.0,27,13,6.3,55.7,82.3,1,2.4,0.93,0,1.5,0.2599999999999999,54.595,12.74074074074074,69.0,3.393,0.4,Mid,5.84354441703136,False,False,True,False,False,False,False,False,True,False
Ivory Coast,CIV,CAF,36,1455.8,4,5,1,0.398,1.29,1.4,1,10.1,0.261,70.1,0,262.0,19,1,2.2,40.1,78.2,0,10.2,0.52,0,1.3,-0.10999999999999988,36.215,13.789473684210526,59.150000000000006,2.6361,0.1,Developing,5.572154032177765,False,True,False,False,False,False,True,False,False,False
Ukraine,UKR,UEFA,29,1415.5,4,7,0,0.206,0.74,1.75,1,10.0,0.353,70.5,0,218.0,20,2,2.3,45.0,77.1,0,5.2,0.47,0,1.0909090909090908,-1.01,34.785,10.9,61.05,3.53,0.1,Mid,5.389071729816501,False,False,False,False,False,True,False,False,True,False
Netherlands,NED,UEFA,18,1677.4,7,3,0,0.605,1.78,0.74,2,13.1,0.354,80.5,4,709.0,51,11,7.0,55.4,86.2,0,5.3,0.65,0,2.1,1.04,58.724999999999994,13.901960784313726,70.8,4.6373999999999995,0.2,Strong,6.565264970035361,False,False,False,False,False,True,False,False,False,True
Japan,JPN,AFC,35,1563.8,4,4,2,0.429,1.54,0.99,3,9.8,0.406,78.3,2,266.0,36,3,7.0,45.0,75.5,0,9.7,0.55,1,1.4,0.55,56.195,7.388888888888889,60.25,3.9788000000000006,0.3,Mid,5.58724865840025,True,False,False,False,False,False,False,False,True,False
Spain,ESP,UEFA,1,1808.6,6,2,2,0.713,2.59,0.94,7,16.5,0.457,89.6,5,745.0,65,8,9.8,66.0,86.4,0,6.0,0.71,1,2.0,1.65,72.78999999999999,11.461538461538462,76.2,7.540500000000001,0.7,Elite,6.61472560020376,False,False,False,False,False,True,False,True,False,False
Paraguay,PAR,CONMEBOL,31,1540.5,2,4,4,0.319,1.01,2.2,0,7.8,0.354,73.5,0,286.0,30,2,4.2,47.7,78.6,0,4.7,0.69,0,1.0,-1.1900000000000002,43.614999999999995,9.533333333333333,63.15,2.7611999999999997,0.0,Mid,5.659482215759621,False,False,False,True,False,False,False,False,True,False
Ukraine,UKR,UEFA,49,1443.1,1,6,3,0.209,0.82,2.13,1,9.7,0.356,70.0,0,236.0,18,5,3.0,43.7,71.1,0,7.1,0.53,0,0.6,-1.31,37.09,13.11111111111111,57.4,3.4531999999999994,0.1,Developing,5.4680601411351315,False,False,False,False,False,True,True,False,False,False
Belgium,BEL,UEFA,10,1777.7,6,2,2,0.634,1.72,0.92,3,13.3,0.444,85.1,3,658.0,40,5,8.0,59.3,85.2,0,8.9,0.49,1,2.0,0.7999999999999999,64.125,16.45,72.25,5.905200000000001,0.3,Elite,6.490723534502507,False,False,False,False,False,True,False,True,False,False
Poland,POL,UEFA,32,1575.2,5,3,2,0.47,1.26,0.8,3,12.3,0.366,80.2,3,257.0,35,10,6.3,53.6,79.0,0,6.2,0.47,0,1.7,0.45999999999999996,54.82000000000001,7.3428571428571425,66.3,4.5018,0.3,Mid,5.552959584921617,False,False,False,False,False,True,False,False,True,False
Serbia,SRB,UEFA,26,1513.1,6,3,1,0.592,1.66,1.35,4,12.3,0.377,77.9,2,360.0,36,9,4.4,51.8,80.8,0,5.6,0.69,0,1.9,0.30999999999999983,48.58500000000001,10.0,66.3,4.6371,0.4,Mid,5.8888779583328805,False,False,False,False,False,True,False,False,True,False
England,ENG,UEFA,4,1854.2,7,0,3,0.662,2.49,0.81,4,14.0,0.495,86.1,4,908.0,45,9,7.7,61.5,85.8,0,6.1,0.69,1,2.4,1.6800000000000002,63.70499999999999,20.177777777777777,73.65,6.93,0.4,Elite,6.812345094177479,False,False,False,False,False,True,False,True,False,False
Tunisia,TUN,CAF,30,1433.1,1,7,2,0.424,1.04,1.34,2,10.0,0.34,71.7,1,220.0,18,3,3.7,44.1,75.2,0,7.9,0.39,0,0.5,-0.30000000000000004,42.285000000000004,12.222222222222221,59.650000000000006,3.4000000000000004,0.2,Mid,5.3981627015177525,False,True,False,False,False,False,False,False,True,False
South Korea,KOR,AFC,22,1614.7,4,3,3,0.479,1.6,1.34,4,10.2,0.377,76.1,2,538.0,42,8,6.6,51.6,82.8,0,10.3,0.49,1,1.5,0.26,54.525,12.80952380952381,67.2,3.8453999999999997,0.4,Mid,6.289715570908998,True,False,False,False,False,False,False,False,True,False
Iran,IRN,AFC,50,1545.8,3,5,2,0.261,0.82,2.09,0,6.6,0.26,72.8,2,372.0,15,9,4.7,43.7,77.5,0,13.5,0.63,0,1.1,-1.27,44.53999999999999,24.8,60.6,1.716,0.0,Developing,5.921578419643816,True,False,False,False,False,False,True,False,False,False
South Korea,KOR,AFC,29,1644.5,4,2,4,0.575,1.68,0.82,3,10.1,0.305,74.3,1,294.0,37,11,6.9,51.4,80.8,0,11.1,0.57,0,1.6,0.86,55.905,7.945945945945946,66.1,3.0805,0.3,Mid,5.68697535633982,True,False,False,False,False,False,False,False,True,False
Brazil,BRA,CONMEBOL,7,1966.1,6,0,4,0.806,2.28,0.7,6,15.2,0.438,85.1,5,716.0,53,11,7.9,66.4,86.0,0,7.3,0.56,1,2.2,1.5799999999999998,65.495,13.50943396226415,76.2,6.6575999999999995,0.6,Elite,6.57507584059962,False,False,False,True,False,False,False,True,False,False
Italy,ITA,UEFA,5,1747.0,8,3,0,0.556,1.5,1.06,2,15.0,0.358,81.5,2,839.0,41,11,6.4,53.6,80.0,0,7.9,0.74,0,2.1818181818181817,0.43999999999999995,56.485,20.463414634146343,66.8,5.37,0.2,Elite,6.733401891837359,False,False,False,False,False,True,False,True,False,False
Brazil,BRA,CONMEBOL,5,1947.0,7,1,2,0.715,2.51,0.89,3,16.2,0.535,88.6,5,810.0,61,15,9.0,56.0,92.1,0,4.7,0.75,0,2.3,1.6199999999999997,69.66,13.278688524590164,74.05,8.667,0.3,Elite,6.698268054115413,False,False,False,True,False,False,False,True,False,False
Egypt,EGY,CAF,48,1512.0,1,4,5,0.327,0.8,2.13,1,9.5,0.32,73.2,0,222.0,21,9,3.0,48.1,73.5,0,8.3,0.54,0,0.8,-1.3299999999999998,39.39000000000001,10.571428571428571,60.8,3.04,0.1,Developing,5.407171771460119,False,True,False,False,False,False,True,False,False,False
Chile,CHI,CONMEBOL,42,1487.1,4,4,2,0.295,0.63,1.99,1,6.1,0.33,70.9,1,327.0,28,2,3.5,42.3,78.2,0,6.2,0.79,0,1.4,-1.3599999999999999,40.015,11.678571428571429,60.25,2.013,0.1,Developing,5.793013608384144,False,False,False,True,False,False,True,False,False,False
Jamaica,JAM,CONCACAF,30,1590.5,4,6,0,0.416,0.63,1.51,2,7.6,0.334,73.5,2,256.0,17,2,4.9,49.1,76.7,0,0.6,0.84,0,1.2,-0.88,47.035,15.058823529411764,62.900000000000006,2.5384,0.2,Mid,5.54907608489522,False,False,True,False,False,False,False,False,True,False
Belgium,BEL,UEFA,5,1818.3,5,1,4,0.653,1.6,0.81,3,14.2,0.439,81.3,3,532.0,41,8,8.4,59.4,81.2,0,8.1,0.69,0,1.9,0.79,64.385,12.975609756097562,70.3,6.2338,0.3,Elite,6.278521424165844,False,False,False,False,False,True,False,True,False,False
France,FRA,UEFA,8,1794.9,6,1,3,0.671,2.35,0.99,3,18.4,0.506,86.0,5,960.0,46,10,7.6,61.3,87.9,0,7.6,0.74,1,2.1,1.36,63.41,20.869565217391305,74.6,9.3104,0.3,Elite,6.8679744089702925,False,False,False,False,False,True,False,True,False,False
Ukraine,UKR,UEFA,33,1413.7,1,5,4,0.35,1.0,1.85,1,9.2,0.319,72.6,2,322.0,15,6,3.1,42.7,78.7,0,8.8,0.48,1,0.7,-0.8500000000000001,39.76,21.466666666666665,60.7,2.9347999999999996,0.1,Mid,5.777652323222656,False,False,False,False,False,True,False,False,True,False
Ivory Coast,CIV,CAF,49,1525.0,2,4,4,0.302,0.51,1.78,0,8.7,0.352,71.5,0,351.0,24,6,5.4,41.0,74.3,0,7.4,0.47,0,1.0,-1.27,46.945,14.625,57.65,3.0624,0.0,Developing,5.863631175598097,False,True,False,False,False,False,True,False,False,False
Argentina,ARG,CONMEBOL,5,1892.8,8,1,1,0.768,2.41,0.78,4,18.2,0.431,87.6,3,1139.0,59,22,7.1,59.6,85.8,0,7.6,0.64,1,2.5,1.6300000000000001,63.18999999999999,19.305084745762713,72.7,7.8442,0.4,Elite,7.038783541388542,False,False,False,True,False,False,False,True,False,False
Denmark,DEN,UEFA,34,1684.5,4,4,2,0.499,1.2,1.35,3,12.1,0.389,76.6,1,337.0,38,12,5.3,47.3,78.3,0,8.5,0.72,0,1.4,-0.15000000000000013,50.35,8.868421052631579,62.8,4.7069,0.3,Mid,5.823045895483019,False,False,False,False,False,True,False,False,True,False
France,FRA,UEFA,2,1834.6,9,1,0,0.75,2.34,0.49,6,16.5,0.475,88.5,4,711.0,43,14,7.2,61.4,86.1,0,8.1,0.57,1,2.7,1.8499999999999999,63.675,16.53488372093023,73.75,7.8374999999999995,0.6,Elite,6.568077911411976,False,False,False,False,False,True,False,True,False,False
Tunisia,TUN,CAF,37,1588.5,2,6,2,0.404,1.05,1.31,0,6.0,0.349,73.1,1,296.0,35,10,4.9,47.9,79.1,0,10.8,0.35,0,0.8,-0.26,46.775,8.457142857142857,63.5,2.094,0.0,Developing,5.6937321388027,False,True,False,False,False,False,True,False,False,False
Tunisia,TUN,CAF,28,1463.7,1,4,5,0.338,0.9,1.39,1,10.0,0.344,72.4,2,275.0,23,5,3.4,47.2,74.9,0,8.7,0.47,0,0.8,-0.4899999999999999,40.620000000000005,11.956521739130435,61.050000000000004,3.4399999999999995,0.1,Mid,5.62040086571715,False,True,False,False,False,False,False,False,True,False
England,ENG,UEFA,6,1784.2,8,1,1,0.698,2.15,0.46,6,14.7,0.432,85.2,5,729.0,61,22,9.2,62.4,89.1,0,8.0,0.71,1,2.5,1.69,69.0,11.950819672131148,75.75,6.3504,0.6,Elite,6.593044534142437,False,False,False,False,False,True,False,True,False,False
Switzerland,SUI,UEFA,29,1572.1,3,3,4,0.526,1.37,0.88,1,11.5,0.412,77.1,2,404.0,37,7,6.3,52.5,84.5,0,8.1,0.63,1,1.3,0.4900000000000001,54.294999999999995,10.91891891891892,68.5,4.7379999999999995,0.1,Mid,6.003887067106539,False,False,False,False,False,True,False,False,True,False
Morocco,MAR,CAF,27,1502.2,6,2,2,0.551,1.33,1.41,1,11.4,0.34,79.5,2,403.0,43,4,5.2,50.3,79.1,0,9.6,0.25,1,2.0,-0.07999999999999985,51.535,9.372093023255815,64.69999999999999,3.8760000000000003,0.1,Mid,6.0014148779611505,False,True,False,False,False,False,False,False,True,False
Netherlands,NED,UEFA,10,1720.1,5,3,2,0.717,1.76,0.91,3,14.2,0.48,82.9,2,629.0,37,10,7.7,57.3,83.7,0,6.5,0.46,0,1.7,0.85,63.135000000000005,17.0,70.5,6.816,0.3,Elite,6.4457198193855785,False,False,False,False,False,True,False,True,False,False
Ukraine,UKR,UEFA,36,1401.1,4,5,1,0.226,0.54,1.78,0,8.9,0.329,75.3,2,322.0,34,1,2.1,42.1,73.9,0,7.6,0.55,0,1.3,-1.24,35.964999999999996,9.470588235294118,58.0,2.9281,0.0,Developing,5.777652323222656,False,False,False,False,False,True,True,False,False,False
Mexico,MEX,CONCACAF,14,1595.3,4,5,1,0.516,1.44,0.91,2,11.1,0.386,76.7,3,306.0,37,13,6.6,54.6,82.5,1,1.9,0.85,1,1.3,0.5299999999999999,55.10499999999999,8.27027027027027,68.55,4.2846,0.2,Strong,5.726847747587197,False,False,True,False,False,False,False,False,False,True
Germany,DEU,UEFA,18,1774.6,7,3,0,0.677,1.58,0.92,5,13.0,0.44,80.5,4,556.0,41,9,7.9,59.3,81.9,0,5.4,0.66,1,2.1,0.66,62.595000000000006,13.560975609756097,70.6,5.72,0.5,Strong,6.322565239927284,False,False,False,False,False,True,False,False,False,True
South Korea,KOR,AFC,33,1507.4,3,5,2,0.565,1.44,1.4,4,10.6,0.408,80.2,3,520.0,32,15,6.5,54.3,80.8,0,8.4,0.33,0,1.1,0.040000000000000036,56.47,16.25,67.55,4.3248,0.4,Mid,6.255750041753367,True,False,False,False,False,False,False,False,True,False
Nigeria,NGA,CAF,40,1493.2,3,6,1,0.303,0.6,1.22,2,10.2,0.277,70.1,0,242.0,20,8,4.2,47.6,78.4,0,9.5,0.42,0,1.0,-0.62,42.265,12.1,63.0,2.8254,0.2,Developing,5.493061443340548,False,True,False,False,False,False,True,False,False,False
Spain,ESP,UEFA,1,1795.3,6,2,2,0.738,2.51,0.63,6,17.4,0.53,85.7,4,871.0,44,12,9.7,67.8,93.0,0,7.9,0.63,0,2.0,1.88,71.32499999999999,19.795454545454547,80.4,9.222,0.6,Elite,6.77078942390898,False,False,False,False,False,True,False,True,False,False
Italy,ITA,UEFA,9,1763.7,7,1,2,0.669,1.92,0.77,4,15.7,0.455,81.9,3,632.0,49,5,8.0,52.0,87.8,0,7.4,0.66,0,2.3,1.15,63.355,12.89795918367347,69.9,7.1434999999999995,0.4,Elite,6.450470422144176,False,False,False,False,False,True,False,True,False,False
Honduras,HON,CONCACAF,30,1527.8,2,5,3,0.238,0.96,1.48,1,8.9,0.303,72.5,1,326.0,22,10,2.3,46.1,78.8,0,2.1,0.75,0,0.9,-0.52,35.805,14.818181818181818,62.45,2.6967,0.1,Mid,5.7899601708972535,False,False,True,False,False,False,False,False,True,False
Sweden,SWE,UEFA,20,1719.4,6,2,2,0.538,1.42,1.23,3,13.2,0.307,76.3,3,381.0,36,3,6.0,54.8,80.5,0,8.2,0.57,1,2.0,0.18999999999999995,53.085,10.583333333333334,67.65,4.0524,0.3,Strong,5.945420608606575,False,False,False,False,False,True,False,False,False,True
Mexico,MEX,CONCACAF,35,1522.2,6,4,0,0.506,1.69,0.92,4,11.2,0.333,79.6,2,439.0,34,9,5.1,48.9,84.8,1,0.9,0.92,1,1.8,0.7699999999999999,50.769999999999996,12.911764705882353,66.85,3.7296,0.4,Mid,6.0867747269123065,False,False,True,False,False,False,False,False,True,False
Japan,JPN,AFC,17,1671.7,6,3,1,0.525,1.19,1.14,1,11.2,0.418,76.8,3,267.0,26,11,2.4,48.8,84.9,0,12.0,0.37,0,1.9,0.050000000000000044,40.53,10.26923076923077,66.85,4.6815999999999995,0.1,Strong,5.5909869805108565,True,False,False,False,False,False,False,False,False,True
Argentina,ARG,CONMEBOL,8,1861.7,8,0,2,0.744,2.46,0.74,5,17.9,0.418,88.6,5,1049.0,64,15,7.6,67.4,90.7,0,6.3,0.67,0,2.6,1.72,65.05,16.390625,79.05000000000001,7.482199999999999,0.5,Elite,6.956545443151569,False,False,False,True,False,False,False,True,False,False
Germany,DEU,UEFA,10,1673.7,8,1,1,0.695,1.79,0.84,5,13.4,0.471,85.8,3,507.0,48,20,7.9,54.4,85.6,0,8.4,0.69,1,2.5,0.9500000000000001,64.63,10.5625,70.0,6.3114,0.5,Elite,6.230481447578482,False,False,False,False,False,True,False,True,False,False
Croatia,CRO,UEFA,18,1743.6,8,3,0,0.595,1.4,1.12,3,12.3,0.399,80.6,2,672.0,47,5,6.4,52.8,89.4,0,7.4,0.73,0,2.1818181818181817,0.2799999999999998,56.56,14.297872340425531,71.1,4.9077,0.3,Strong,6.511745329644728,False,False,False,False,False,True,False,False,False,True
Australia,AUS,AFC,28,1654.9,3,5,2,0.48,1.58,0.92,1,12.8,0.305,78.5,3,435.0,33,6,5.5,50.5,75.3,0,11.3,0.45,1,1.1,0.66,51.52499999999999,13.181818181818182,62.9,3.904,0.1,Mid,6.077642243349034,True,False,False,False,False,False,False,False,True,False
Portugal,POR,UEFA,6,1688.8,8,3,0,0.681,2.13,0.71,4,12.9,0.399,84.6,3,472.0,41,15,7.5,52.5,88.6,0,8.3,0.73,1,2.1818181818181817,1.42,62.67,11.512195121951219,70.55,5.1471,0.4,Elite,6.159095388491933,False,False,False,False,False,True,False,True,False,False
Germany,DEU,UEFA,5,1692.2,7,1,2,0.713,1.93,1.16,5,15.0,0.435,80.3,3,698.0,39,7,7.0,54.2,83.4,0,6.8,0.65,1,2.3,0.77,59.735,17.897435897435898,68.80000000000001,6.525,0.5,Elite,6.54965074223381,False,False,False,False,False,True,False,True,False,False
France,FRA,UEFA,3,1848.6,8,1,1,0.82,1.89,1.0,3,19.6,0.428,85.6,4,731.0,48,22,7.5,62.7,94.7,0,6.8,0.6,0,2.5,0.8899999999999999,64.41,15.229166666666666,78.7,8.3888,0.3,Elite,6.595780513961311,False,False,False,False,False,True,False,True,False,False
Poland,POL,UEFA,21,1539.0,6,2,2,0.551,1.04,0.8,4,13.3,0.33,79.0,3,515.0,44,14,6.7,48.5,77.7,0,5.8,0.51,0,2.0,0.24,56.60999999999999,11.704545454545455,63.1,4.389,0.4,Mid,6.246106765481563,False,False,False,False,False,True,False,False,True,False
Germany,DEU,UEFA,10,1681.2,5,1,4,0.666,2.16,0.68,4,14.2,0.371,79.8,2,592.0,45,20,6.2,50.2,81.1,0,8.5,0.61,1,1.9,1.48,56.28999999999999,13.155555555555555,65.65,5.268199999999999,0.4,Elite,6.385194398997726,False,False,False,False,False,True,False,True,False,False
Paraguay,PAR,CONMEBOL,38,1560.2,1,5,4,0.219,0.79,1.29,1,7.1,0.229,74.2,0,326.0,33,7,2.6,45.7,79.4,0,7.3,0.8,0,0.7,-0.5,37.26,9.878787878787879,62.550000000000004,1.6259,0.1,Developing,5.7899601708972535,False,False,False,True,False,False,True,False,False,False
Wales,WAL,UEFA,42,1428.9,3,7,0,0.373,0.87,1.43,2,8.9,0.239,74.8,1,348.0,31,6,3.7,43.5,78.1,0,6.3,0.51,1,0.9,-0.5599999999999999,42.85999999999999,11.225806451612904,60.8,2.1271,0.2,Developing,5.855071922202427,False,False,False,False,False,True,True,False,False,False
France,FRA,UEFA,7,1810.7,8,1,1,0.727,2.26,0.58,5,14.1,0.502,83.5,5,966.0,65,22,8.4,60.3,91.6,0,8.9,0.62,1,2.5,1.6799999999999997,65.895,14.861538461538462,75.94999999999999,7.0782,0.5,Elite,6.874198495453294,False,False,False,False,False,True,False,True,False,False
Portugal,POR,UEFA,11,1742.2,7,3,0,0.663,1.46,0.81,5,15.4,0.472,79.3,2,625.0,41,15,8.4,55.3,85.3,0,7.2,0.53,0,2.1,0.6499999999999999,63.785000000000004,15.24390243902439,70.3,7.2688,0.5,Strong,6.439350371100098,False,False,False,False,False,True,False,False,False,True
Austria,AUT,UEFA,15,1592.2,6,5,0,0.542,1.07,1.02,3,12.7,0.415,75.5,3,530.0,43,9,5.9,51.9,82.5,0,7.1,0.65,0,1.6363636363636365,0.050000000000000044,52.495000000000005,12.325581395348838,67.2,5.270499999999999,0.3,Strong,6.274762021241939,False,False,False,False,False,True,False,False,False,True
Germany,DEU,UEFA,17,1768.4,6,2,2,0.59,1.49,1.06,3,13.3,0.46,82.4,2,573.0,54,10,6.5,50.5,80.1,0,8.9,0.74,0,2.0,0.42999999999999994,57.49,10.61111111111111,65.3,6.118,0.3,Strong,6.352629396319567,False,False,False,False,False,True,False,False,False,True
England,ENG,UEFA,6,1809.1,7,2,1,0.741,2.58,1.0,6,18.0,0.503,83.8,3,799.0,49,22,8.3,61.5,92.8,0,5.5,0.62,0,2.2,1.58,65.79,16.306122448979593,77.15,9.054,0.6,Elite,6.684611727667927,False,False,False,False,False,True,False,True,False,False
Algeria,ALG,CAF,41,1478.6,3,6,1,0.213,0.63,1.54,1,7.2,0.223,73.2,0,255.0,31,2,5.7,44.2,70.4,0,9.3,0.37,0,1.0,-0.91,47.7,8.225806451612904,57.300000000000004,1.6056000000000001,0.1,Developing,5.545177444479562,False,True,False,False,False,False,True,False,False,False
Senegal,SEN,CAF,24,1624.6,4,3,3,0.455,1.5,0.99,3,9.7,0.362,75.4,1,500.0,41,15,5.0,47.9,75.9,0,7.8,0.27,1,1.5,0.51,48.44,12.195121951219512,61.900000000000006,3.5113999999999996,0.3,Mid,6.2166061010848646,False,True,False,False,False,False,False,False,True,False
Switzerland,SUI,UEFA,25,1665.5,3,5,2,0.552,1.51,1.14,3,11.6,0.319,78.0,1,478.0,44,15,3.8,47.9,79.1,0,7.7,0.47,1,1.1,0.3700000000000001,46.12,10.863636363636363,63.5,3.7004,0.3,Mid,6.171700597410915,False,False,False,False,False,True,False,False,True,False
Saudi Arabia,KSA,AFC,49,1467.5,3,7,0,0.257,0.83,1.44,2,10.0,0.24,73.8,1,271.0,34,7,4.6,43.6,72.7,0,8.5,0.65,0,0.9,-0.61,44.49999999999999,7.970588235294118,58.150000000000006,2.4,0.2,Developing,5.605802066295998,True,False,False,False,False,False,True,False,False,False
Qatar,QAT,AFC,30,1515.6,1,6,3,0.446,1.11,1.63,1,8.1,0.266,73.9,1,204.0,25,8,4.9,45.6,70.2,0,12.9,0.31,0,0.6,-0.5199999999999998,47.475,8.16,57.900000000000006,2.1546,0.1,Mid,5.3230099791384085,True,False,False,False,False,False,False,False,True,False
Spain,ESP,UEFA,2,1912.5,9,2,0,0.708,1.89,0.98,5,15.9,0.501,87.2,4,1083.0,41,13,7.4,55.2,94.4,0,6.3,0.65,1,2.4545454545454546,0.9099999999999999,63.5,26.414634146341463,74.80000000000001,7.9659,0.5,Elite,6.988413181999592,False,False,False,False,False,True,False,True,False,False
Argentina,ARG,CONMEBOL,5,1913.3,9,1,0,0.673,2.8,0.51,3,19.6,0.45,86.3,3,1011.0,64,9,9.5,61.3,91.7,0,6.9,0.67,1,2.7,2.29,70.185,15.796875,76.5,8.82,0.3,Elite,6.919683849847411,False,False,False,True,False,False,False,True,False,False
Mexico,MEX,CONCACAF,31,1624.1,6,2,2,0.509,1.59,0.89,2,13.6,0.349,75.0,1,338.0,38,15,5.3,53.7,81.8,1,2.9,0.77,0,2.0,0.7000000000000001,49.89,8.894736842105264,67.75,4.7463999999999995,0.2,Mid,5.82600010738045,False,False,True,False,False,False,False,False,True,False
Mexico,MEX,CONCACAF,19,1528.1,5,4,1,0.546,1.23,1.27,2,9.6,0.315,79.7,1,499.0,39,14,7.2,46.1,82.3,1,2.4,0.73,0,1.6,-0.040000000000000036,58.555,12.794871794871796,64.2,3.024,0.2,Strong,6.214608098422191,False,False,True,False,False,False,False,False,False,True
Switzerland,SUI,UEFA,14,1697.7,3,3,4,0.51,1.27,1.22,4,10.1,0.347,77.4,3,274.0,31,8,5.3,50.9,85.0,0,7.3,0.69,1,1.3,0.050000000000000044,50.74,8.838709677419354,67.95,3.5046999999999997,0.4,Strong,5.616771097666572,False,False,False,False,False,True,False,False,False,True
Ghana,GHA,CAF,47,1536.4,1,7,2,0.291,1.09,1.87,0,7.3,0.333,73.0,2,331.0,27,9,3.0,44.4,78.5,0,7.8,0.29,0,0.5,-0.78,38.959999999999994,12.25925925925926,61.45,2.4309000000000003,0.0,Developing,5.805134968916488,False,True,False,False,False,False,True,False,False,False
Austria,AUT,UEFA,31,1643.4,6,4,0,0.517,1.38,0.96,2,10.5,0.412,77.7,3,457.0,38,6,4.9,51.8,83.1,0,7.3,0.67,0,1.8,0.41999999999999993,49.515,12.026315789473685,67.44999999999999,4.326,0.2,Mid,6.126869184114185,False,False,False,False,False,True,False,False,True,False
China,CHN,AFC,39,1540.3,2,7,1,0.435,0.92,1.93,0,10.9,0.337,72.1,1,313.0,31,7,3.6,44.1,72.5,0,8.7,0.5,0,0.7,-1.0099999999999998,42.184999999999995,10.096774193548388,58.3,3.6733000000000002,0.0,Developing,5.749392985908253,True,False,False,False,False,False,True,False,False,False
Argentina,ARG,CONMEBOL,6,1793.4,9,0,1,0.74,2.15,0.64,3,16.5,0.458,87.6,4,1024.0,45,17,9.2,56.8,86.8,0,5.0,0.68,1,2.8,1.5099999999999998,70.25999999999999,22.755555555555556,71.8,7.557,0.3,Elite,6.932447891572509,False,False,False,True,False,False,False,True,False,False
Colombia,COL,CONMEBOL,16,1720.5,6,1,3,0.669,1.57,0.63,3,16.4,0.425,81.4,4,568.0,54,15,7.5,57.1,81.7,0,7.5,0.69,1,2.1,0.9400000000000001,61.42999999999999,10.518518518518519,69.4,6.969999999999999,0.3,Strong,6.343880434126331,False,False,False,True,False,False,False,False,False,True
Croatia,CRO,UEFA,11,1740.4,6,2,2,0.631,1.9,1.1,3,13.5,0.375,83.7,4,800.0,47,10,7.7,50.5,85.2,0,7.3,0.73,0,2.0,0.7999999999999998,62.555,17.02127659574468,67.85,5.0625,0.3,Strong,6.68586094706836,False,False,False,False,False,True,False,False,False,True
Wales,WAL,UEFA,49,1523.6,3,4,3,0.222,1.15,1.48,1,7.8,0.305,70.2,1,223.0,21,2,3.3,42.2,70.5,0,8.3,0.7,0,1.2,-0.33000000000000007,38.339999999999996,10.619047619047619,56.35,2.379,0.1,Developing,5.4116460518550396,False,False,False,False,False,True,True,False,False,False
Portugal,POR,UEFA,10,1733.9,7,1,2,0.62,2.17,0.92,5,14.1,0.352,82.3,3,524.0,39,11,5.8,53.4,85.4,0,6.5,0.64,1,2.3,1.25,55.305,13.435897435897436,69.4,4.9632,0.5,Elite,6.263398262591624,False,False,False,False,False,True,False,True,False,False
Spain,ESP,UEFA,3,1791.3,8,1,1,0.84,2.68,0.56,4,14.9,0.476,83.4,3,977.0,55,20,10.0,57.6,86.1,0,8.7,0.68,1,2.5,2.12,72.59,17.763636363636362,71.85,7.0924,0.4,Elite,6.885509670034818,False,False,False,False,False,True,False,True,False,False
USA,USA,CONCACAF,27,1685.3,6,2,2,0.587,1.69,1.36,2,11.6,0.33,76.5,3,457.0,29,13,3.1,55.2,77.9,1,2.2,0.74,1,2.0,0.32999999999999985,43.495,15.758620689655173,66.55000000000001,3.828,0.2,Mid,6.126869184114185,False,False,True,False,False,False,False,False,True,False
Mexico,MEX,CONCACAF,31,1627.5,6,3,1,0.42,1.67,1.22,4,13.8,0.314,77.4,1,279.0,42,4,6.0,51.0,84.2,1,0.7,0.77,1,1.9,0.44999999999999996,52.290000000000006,6.642857142857143,67.6,4.333200000000001,0.4,Mid,5.634789603169249,False,False,True,False,False,False,False,False,True,False
Netherlands,NED,UEFA,13,1763.5,7,3,0,0.581,2.04,0.8,4,13.4,0.445,81.6,4,477.0,51,9,7.6,51.7,85.5,0,6.6,0.61,0,2.1,1.24,60.97,9.352941176470589,68.6,5.963,0.4,Strong,6.169610732491456,False,False,False,False,False,True,False,False,False,True
Portugal,POR,UEFA,16,1828.9,8,3,0,0.647,1.75,0.68,2,13.0,0.396,83.7,4,730.0,47,15,8.5,52.9,82.0,0,6.3,0.52,0,2.1818181818181817,1.0699999999999998,65.515,15.53191489361702,67.45,5.148000000000001,0.2,Strong,6.594413459749778,False,False,False,False,False,True,False,False,False,True
Egypt,EGY,CAF,36,1548.9,1,6,3,0.384,0.99,1.69,2,7.6,0.348,70.4,0,233.0,32,9,3.7,42.9,70.2,0,9.3,0.53,1,0.6,-0.7,41.43000000000001,7.28125,56.55,2.6447999999999996,0.2,Developing,5.455321115357702,False,True,False,False,False,False,True,False,False,False
USA,USA,CONCACAF,29,1657.2,6,2,2,0.504,1.63,0.94,1,11.5,0.315,78.1,2,438.0,43,11,6.2,55.0,76.8,1,1.2,0.75,1,2.0,0.69,54.074999999999996,10.186046511627907,65.9,3.6225,0.1,Mid,6.0844994130751715,False,False,True,False,False,False,False,False,True,False
Wales,WAL,UEFA,36,1416.3,3,6,1,0.393,1.07,1.78,0,10.1,0.222,74.5,0,256.0,18,1,2.1,41.5,74.6,0,7.3,0.65,0,1.0,-0.71,37.355,14.222222222222221,58.05,2.2422,0.0,Developing,5.54907608489522,False,False,False,False,False,True,True,False,False,False
Morocco,MAR,CAF,21,1545.8,3,5,2,0.41,1.16,1.43,1,9.0,0.408,74.2,1,452.0,34,14,6.3,53.4,79.1,0,7.8,0.54,0,1.1,-0.27,52.12,13.294117647058824,66.25,3.6719999999999997,0.1,Mid,6.115892125483034,False,True,False,False,False,False,False,False,True,False
France,FRA,UEFA,1,1813.4,9,2,0,0.686,2.77,0.66,6,15.2,0.476,85.2,4,803.0,59,12,7.7,60.3,87.0,0,8.1,0.72,0,2.4545454545454546,2.11,63.629999999999995,13.610169491525424,73.65,7.235199999999999,0.6,Elite,6.6895992691789665,False,False,False,False,False,True,False,True,False,False
Honduras,HON,CONCACAF,50,1428.6,3,5,2,0.294,0.77,1.26,2,7.3,0.334,70.6,2,358.0,27,7,5.0,47.6,76.9,0,2.9,0.87,1,1.1,-0.49,45.14999999999999,13.25925925925926,62.25,2.4382,0.2,Developing,5.883322388488279,False,False,True,False,False,False,True,False,False,False
Jamaica,JAM,CONCACAF,29,1412.7,3,5,2,0.234,1.26,1.53,2,9.8,0.334,76.6,1,355.0,23,1,4.1,40.8,76.2,0,2.1,0.78,1,1.1,-0.27,43.5,15.434782608695652,58.5,3.2732000000000006,0.2,Mid,5.87493073085203,False,False,True,False,False,False,False,False,True,False
New Zealand,NZL,OFC,34,1476.7,1,6,3,0.369,1.01,1.6,0,8.6,0.305,73.2,0,377.0,17,4,5.3,44.0,77.1,0,14.6,0.39,0,0.6,-0.5900000000000001,47.86,22.176470588235293,60.55,2.6229999999999998,0.0,Mid,5.934894195619588,False,False,False,False,True,False,False,False,True,False
Egypt,EGY,CAF,42,1592.3,3,5,2,0.258,1.06,1.83,0,7.5,0.329,72.8,1,364.0,27,1,0.0,42.6,71.7,0,7.7,0.39,1,1.1,-0.77,28.059999999999995,13.481481481481481,57.150000000000006,2.4675000000000002,0.0,Developing,5.8998973535824915,False,True,False,False,False,False,True,False,False,False
Turkey,TUR,UEFA,49,1494.8,1,5,4,0.349,0.83,1.62,0,10.1,0.345,74.2,0,225.0,30,10,2.2,49.3,77.5,0,6.2,0.7,0,0.7,-0.7900000000000001,37.160000000000004,7.5,63.4,3.4844999999999997,0.0,Developing,5.420534999272286,False,False,False,False,False,True,True,False,False,False
Spain,ESP,UEFA,2,1780.0,9,1,0,0.798,1.97,0.47,3,18.3,0.539,84.2,2,874.0,50,8,9.2,56.4,94.9,0,5.9,0.47,1,2.7,1.5,69.64999999999999,17.48,75.65,9.863700000000001,0.3,Elite,6.774223886357614,False,False,False,False,False,True,False,True,False,False
Denmark,DEN,UEFA,24,1662.6,5,4,1,0.502,1.6,1.41,3,9.2,0.364,74.3,3,395.0,34,9,6.3,47.7,84.9,0,8.4,0.48,1,1.6,0.19000000000000017,53.075,11.617647058823529,66.30000000000001,3.3487999999999998,0.3,Mid,5.981414211254481,False,False,False,False,False,True,False,False,True,False
Germany,DEU,UEFA,12,1662.4,8,1,1,0.591,1.59,0.64,4,14.1,0.358,80.6,3,601.0,45,8,7.9,58.8,88.4,0,6.4,0.66,0,2.5,0.9500000000000001,61.769999999999996,13.355555555555556,73.6,5.0478,0.4,Strong,6.400257445308821,False,False,False,False,False,True,False,False,False,True
Colombia,COL,CONMEBOL,18,1814.8,7,3,0,0.605,1.42,1.06,2,16.1,0.421,76.9,3,641.0,55,9,5.9,55.3,82.1,0,4.5,0.76,0,2.1,0.3599999999999999,53.614999999999995,11.654545454545454,68.69999999999999,6.7781,0.2,Strong,6.464588303689961,False,False,False,True,False,False,False,False,False,True
France,FRA,UEFA,2,1863.0,9,1,0,0.739,2.39,0.82,4,15.9,0.476,88.6,3,1023.0,61,22,8.6,56.1,89.1,0,5.2,0.53,1,2.7,1.5700000000000003,68.49999999999999,16.770491803278688,72.6,7.5684,0.4,Elite,6.931471805599453,False,False,False,False,False,True,False,True,False,False
Uruguay,URU,CONMEBOL,8,1682.2,8,3,0,0.67,1.8,1.1,5,16.9,0.4,84.4,3,757.0,37,11,7.4,55.4,87.5,0,7.3,0.72,0,2.1818181818181817,0.7,62.14,20.45945945945946,71.45,6.76,0.5,Elite,6.630683385642372,False,False,False,True,False,False,False,True,False,False
China,CHN,AFC,37,1429.7,2,5,3,0.338,0.69,1.63,2,7.2,0.262,74.5,0,295.0,31,2,4.2,43.8,74.1,0,9.2,0.44,0,0.9,-0.94,44.155,9.516129032258064,58.949999999999996,1.8864,0.2,Developing,5.69035945432406,True,False,False,False,False,False,True,False,False,False
Netherlands,NED,UEFA,15,1665.7,5,1,4,0.601,1.47,1.15,3,14.0,0.382,84.7,2,495.0,52,20,7.2,58.6,84.4,0,6.1,0.47,1,1.9,0.32000000000000006,60.855,9.51923076923077,71.5,5.348,0.3,Strong,6.206575926724928,False,False,False,False,False,True,False,False,False,True
Saudi Arabia,KSA,AFC,41,1552.0,3,7,0,0.326,0.97,1.78,0,7.6,0.29,71.5,2,334.0,34,10,3.5,43.4,74.4,0,10.9,0.42,0,0.9,-0.81,40.535,9.823529411764707,58.900000000000006,2.2039999999999997,0.0,Developing,5.814130531825066,True,False,False,False,False,False,True,False,False,False
USA,USA,CONCACAF,28,1568.7,5,4,1,0.57,1.25,1.36,1,12.0,0.341,77.8,1,473.0,25,3,4.1,45.7,80.8,1,1.7,0.85,0,1.6,-0.1100000000000001,47.28,18.92,63.25,4.0920000000000005,0.1,Mid,6.161207321695077,False,False,True,False,False,False,False,False,True,False
Mexico,MEX,CONCACAF,12,1664.7,3,5,2,0.421,1.37,1.08,2,11.1,0.357,80.3,1,462.0,26,14,4.4,47.3,75.4,1,2.9,0.76,1,1.1,0.29000000000000004,47.714999999999996,17.76923076923077,61.35,3.9627,0.2,Strong,6.137727054086234,False,False,True,False,False,False,False,False,False,True
Ivory Coast,CIV,CAF,47,1571.4,2,6,2,0.383,1.12,2.18,2,7.7,0.311,70.5,1,219.0,34,6,4.1,43.9,78.5,0,8.4,0.51,0,0.8,-1.06,42.85499999999999,6.4411764705882355,61.2,2.3947,0.2,Developing,5.393627546352362,False,True,False,False,False,False,True,False,False,False
Honduras,HON,CONCACAF,32,1541.3,1,4,5,0.235,0.73,1.72,0,10.2,0.319,76.5,0,278.0,28,7,4.5,49.3,72.6,0,0.6,0.88,0,0.8,-0.99,44.875,9.928571428571429,60.949999999999996,3.2538,0.0,Mid,5.631211781821365,False,False,True,False,False,False,False,False,True,False
Morocco,MAR,CAF,23,1512.6,4,2,4,0.476,1.43,1.48,1,9.6,0.315,79.0,2,308.0,43,13,5.9,51.6,80.3,0,8.3,0.41,1,1.6,-0.050000000000000044,53.059999999999995,7.162790697674419,65.95,3.024,0.1,Mid,5.733341276897746,False,True,False,False,False,False,False,False,True,False
Ghana,GHA,CAF,48,1561.0,4,5,1,0.433,1.24,1.7,0,9.6,0.337,76.0,1,261.0,20,1,4.2,40.6,76.7,0,8.3,0.3,0,1.3,-0.45999999999999996,45.629999999999995,13.05,58.650000000000006,3.2352000000000003,0.0,Developing,5.568344503761097,False,True,False,False,False,False,True,False,False,False
England,ENG,UEFA,2,1796.5,6,1,3,0.701,2.63,0.63,4,17.5,0.418,83.3,4,891.0,46,15,9.8,58.3,88.9,0,7.5,0.71,0,2.1,2.0,70.465,19.369565217391305,73.6,7.3149999999999995,0.4,Elite,6.79346613258001,False,False,False,False,False,True,False,True,False,False
Belgium,BEL,UEFA,9,1667.9,8,1,1,0.698,1.85,0.91,2,15.5,0.387,83.4,2,566.0,50,5,4.7,55.0,81.7,0,7.2,0.5,0,2.5,0.9400000000000001,52.62,11.32,68.35,5.9985,0.2,Elite,6.340359303727752,False,False,False,False,False,True,False,True,False,False
New Zealand,NZL,OFC,39,1581.2,4,7,0,0.294,0.98,1.28,0,8.0,0.339,72.4,2,305.0,23,5,3.9,41.9,72.7,0,11.6,0.56,0,1.0909090909090908,-0.30000000000000004,41.93,13.26086956521739,57.3,2.712,0.0,Developing,5.723585101952381,False,False,False,False,True,False,True,False,False,False
Senegal,SEN,CAF,15,1666.4,3,5,2,0.539,1.66,1.5,1,11.3,0.318,78.9,0,289.0,40,15,7.0,54.2,78.2,0,7.0,0.36,1,1.1,0.15999999999999992,57.505,7.225,66.2,3.5934000000000004,0.1,Strong,5.66988092298052,False,True,False,False,False,False,False,False,False,True
Morocco,MAR,CAF,31,1585.4,6,4,0,0.595,1.13,1.11,1,12.4,0.344,80.6,1,350.0,33,10,6.8,56.0,77.4,0,8.2,0.37,0,1.8,0.019999999999999796,57.959999999999994,10.606060606060606,66.7,4.2656,0.1,Mid,5.860786223465865,False,True,False,False,False,False,False,False,True,False
Cameroon,CMR,CAF,29,1560.4,3,4,3,0.413,1.09,1.74,0,7.6,0.326,72.8,0,224.0,32,10,5.2,42.3,73.7,0,9.7,0.29,0,1.2,-0.6499999999999999,47.809999999999995,7.0,58.0,2.4776,0.0,Mid,5.41610040220442,False,True,False,False,False,False,False,False,True,False
France,FRA,UEFA,6,1813.4,6,1,3,0.809,1.88,0.57,6,17.0,0.401,87.8,5,1099.0,54,22,9.9,60.5,94.1,0,7.9,0.62,1,2.1,1.31,73.47,20.35185185185185,77.3,6.817,0.6,Elite,7.003065458786462,False,False,False,False,False,True,False,True,False,False
Australia,AUS,AFC,15,1666.5,3,3,4,0.573,1.34,0.85,3,9.2,0.387,80.1,2,498.0,45,6,4.2,55.7,77.9,0,10.8,0.6,1,1.3,0.4900000000000001,48.464999999999996,11.066666666666666,66.80000000000001,3.5604,0.3,Strong,6.212606095751519,True,False,False,False,False,False,False,False,False,True
Japan,JPN,AFC,15,1657.4,5,2,3,0.445,1.12,1.03,2,13.1,0.301,77.2,1,304.0,29,12,5.4,52.8,75.5,0,8.6,0.55,0,1.8,0.09000000000000008,50.370000000000005,10.482758620689655,64.15,3.9431,0.2,Strong,5.720311776607412,True,False,False,False,False,False,False,False,False,True
Wales,WAL,UEFA,35,1485.7,3,6,1,0.34,0.59,1.81,1,8.2,0.295,73.3,1,292.0,15,7,3.2,46.2,79.6,0,7.0,0.59,1,1.0,-1.2200000000000002,40.254999999999995,19.466666666666665,62.9,2.4189999999999996,0.1,Mid,5.680172609017068,False,False,False,False,False,True,False,False,True,False
England,ENG,UEFA,2,1851.4,6,0,4,0.731,2.8,0.43,7,16.4,0.467,85.5,2,955.0,62,19,7.3,58.9,94.4,0,6.3,0.62,1,2.2,2.3699999999999997,62.785,15.403225806451612,76.65,7.658799999999999,0.7,Elite,6.862757913051401,False,False,False,False,False,True,False,True,False,False
New Zealand,NZL,OFC,31,1549.7,1,6,3,0.272,0.93,1.73,0,6.3,0.238,70.4,0,241.0,33,8,4.4,45.2,76.1,0,11.9,0.54,0,0.6,-0.7999999999999999,42.760000000000005,7.303030303030303,60.65,1.4993999999999998,0.0,Mid,5.488937726156687,False,False,False,False,True,False,False,False,True,False
France,FRA,UEFA,4,1832.7,9,0,1,0.765,2.14,0.89,3,15.1,0.513,84.7,5,705.0,46,25,9.5,56.0,91.5,0,8.5,0.52,1,2.8,1.25,70.545,15.326086956521738,73.75,7.7463,0.3,Elite,6.559615237493242,False,False,False,False,False,True,False,True,False,False
Spain,ESP,UEFA,3,1866.8,8,0,2,0.675,2.4,0.73,6,18.1,0.526,85.3,4,963.0,61,23,9.2,55.7,88.9,0,6.4,0.54,1,2.6,1.67,68.80499999999999,15.78688524590164,72.30000000000001,9.520600000000002,0.6,Elite,6.871091294610546,False,False,False,False,False,True,False,True,False,False
Australia,AUS,AFC,17,1668.0,5,3,2,0.489,1.4,1.49,4,11.0,0.3,79.9,3,277.0,26,8,5.5,55.9,79.0,0,12.1,0.59,1,1.7,-0.09000000000000008,52.105000000000004,10.653846153846153,67.45,3.3,0.4,Strong,5.627621113690637,True,False,False,False,False,False,False,False,False,True
Austria,AUT,UEFA,23,1606.4,3,4,3,0.509,1.09,1.0,1,10.4,0.391,79.1,1,315.0,43,7,5.2,55.7,83.0,0,6.0,0.47,0,1.2,0.09000000000000008,50.974999999999994,7.325581395348837,69.35,4.066400000000001,0.1,Mid,5.755742213586912,False,False,False,False,False,True,False,False,True,False
Portugal,POR,UEFA,12,1666.5,6,2,2,0.611,1.95,0.79,4,15.2,0.479,84.4,3,582.0,45,15,7.8,53.6,82.9,0,6.8,0.67,1,2.0,1.16,62.95,12.933333333333334,68.25,7.280799999999999,0.4,Strong,6.368187186350492,False,False,False,False,False,True,False,False,False,True
Argentina,ARG,CONMEBOL,8,1880.8,6,1,3,0.65,2.06,0.71,7,17.4,0.495,86.6,5,816.0,46,20,7.9,57.4,88.2,0,5.0,0.67,0,2.1,1.35,64.46,17.73913043478261,72.8,8.613,0.7,Elite,6.705639094860003,False,False,False,True,False,False,False,True,False,False
Chile,CHI,CONMEBOL,50,1421.2,2,5,3,0.425,1.0,1.64,0,10.2,0.301,74.5,1,345.0,19,7,4.9,40.9,75.0,0,5.2,0.62,0,0.9,-0.6399999999999999,47.475,18.157894736842106,57.95,3.0702,0.0,Developing,5.846438775057725,False,False,False,True,False,False,True,False,False,False
Portugal,POR,UEFA,6,1807.9,6,1,3,0.595,2.13,0.86,4,16.1,0.431,79.5,3,699.0,41,14,8.2,51.6,88.2,0,8.9,0.59,0,2.1,1.27,62.474999999999994,17.048780487804876,69.9,6.939100000000001,0.4,Elite,6.551080335043404,False,False,False,False,False,True,False,True,False,False
Australia,AUS,AFC,33,1640.6,5,4,1,0.493,1.55,1.22,3,9.1,0.384,79.1,1,372.0,30,4,4.2,54.0,81.5,0,8.8,0.53,0,1.6,0.33000000000000007,47.315,12.4,67.75,3.4943999999999997,0.3,Mid,5.921578419643816,True,False,False,False,False,False,False,False,True,False
Serbia,SRB,UEFA,29,1514.1,3,5,2,0.411,1.3,1.13,1,13.7,0.333,76.8,1,270.0,30,3,6.0,52.3,82.5,0,7.8,0.54,1,1.1,0.17000000000000015,51.989999999999995,9.0,67.4,4.5621,0.1,Mid,5.602118820879701,False,False,False,False,False,True,False,False,True,False
Mexico,MEX,CONCACAF,27,1631.5,6,4,0,0.595,1.69,1.15,2,12.4,0.399,73.0,2,291.0,35,10,4.7,51.1,76.0,1,2.8,0.91,0,1.8,0.54,47.95,8.314285714285715,63.55,4.9476,0.2,Mid,5.676753802268282,False,False,True,False,False,False,False,False,True,False
Australia,AUS,AFC,26,1650.4,4,2,4,0.437,1.13,0.93,2,13.7,0.348,74.9,2,265.0,30,7,5.0,48.8,77.7,0,8.2,0.56,0,1.6,0.19999999999999984,48.085,8.833333333333334,63.25,4.7676,0.2,Mid,5.583496308781699,True,False,False,False,False,False,False,False,True,False
South Korea,KOR,AFC,16,1696.5,4,5,1,0.425,1.09,1.27,1,12.1,0.309,77.6,1,282.0,27,8,5.7,51.8,82.0,0,13.0,0.32,1,1.3,-0.17999999999999994,51.36,10.444444444444445,66.9,3.7388999999999997,0.1,Strong,5.645446897643238,True,False,False,False,False,False,False,False,False,True
Algeria,ALG,CAF,28,1406.6,1,5,4,0.242,1.07,1.38,1,9.1,0.227,73.4,2,366.0,18,8,2.5,46.5,71.6,0,9.7,0.43,0,0.7,-0.30999999999999983,36.86,20.333333333333332,59.05,2.0657,0.1,Mid,5.905361848054571,False,True,False,False,False,False,False,False,True,False
Germany,DEU,UEFA,7,1679.8,7,2,1,0.6,1.68,0.94,4,14.3,0.384,85.2,2,491.0,49,6,8.2,52.0,84.5,0,8.8,0.65,1,2.2,0.74,64.52,10.020408163265307,68.25,5.4912,0.4,Elite,6.198478716492308,False,False,False,False,False,True,False,True,False,False
Canada,CAN,CONCACAF,43,1484.6,1,4,5,0.306,0.86,1.93,0,6.5,0.243,76.5,0,230.0,30,9,3.3,42.3,70.5,1,0.5,0.73,0,0.8,-1.0699999999999998,41.385,7.666666666666667,56.4,1.5795,0.0,Developing,5.442417710521793,False,False,True,False,False,False,True,False,False,False
Portugal,POR,UEFA,7,1799.8,6,1,3,0.581,1.41,0.88,2,16.9,0.439,80.7,3,493.0,53,15,8.2,54.6,84.3,0,6.8,0.54,1,2.1,0.5299999999999999,62.754999999999995,9.30188679245283,69.45,7.419099999999999,0.2,Elite,6.202535517187923,False,False,False,False,False,True,False,True,False,False
Colombia,COL,CONMEBOL,8,1807.6,6,1,3,0.658,1.98,0.75,5,16.0,0.438,81.1,3,508.0,46,11,6.2,57.8,86.0,0,4.4,0.55,0,2.1,1.23,56.66499999999999,11.043478260869565,71.9,7.008,0.5,Elite,6.2324480165505225,False,False,False,True,False,False,False,True,False,False
Austria,AUT,UEFA,17,1516.9,5,3,2,0.593,1.64,1.15,4,12.2,0.419,76.4,2,299.0,27,4,4.8,54.0,75.9,0,6.4,0.74,1,1.7,0.49,49.470000000000006,11.074074074074074,64.95,5.1118,0.4,Strong,5.703782474656201,False,False,False,False,False,True,False,False,False,True
Belgium,BEL,UEFA,13,1768.4,7,3,0,0.591,1.64,0.89,3,15.5,0.445,80.2,2,751.0,41,19,6.6,56.4,84.7,0,8.3,0.58,0,2.1,0.7499999999999999,57.08,18.317073170731707,70.55,6.8975,0.3,Strong,6.62273632394984,False,False,False,False,False,True,False,False,False,True
Italy,ITA,UEFA,5,1778.7,7,3,0,0.621,1.52,0.66,3,15.2,0.386,81.1,3,744.0,42,6,6.0,61.5,88.6,0,6.6,0.68,1,2.1,0.86,55.59499999999999,17.714285714285715,75.05,5.8671999999999995,0.3,Elite,6.61338421837956,False,False,False,False,False,True,False,True,False,False
Cameroon,CMR,CAF,37,1550.1,4,4,2,0.311,1.09,1.43,2,7.9,0.245,72.5,1,313.0,19,1,3.5,42.6,76.7,0,8.8,0.4,0,1.4,-0.33999999999999986,40.735,16.473684210526315,59.650000000000006,1.9355,0.2,Developing,5.749392985908253,False,True,False,False,False,False,True,False,False,False
France,FRA,UEFA,7,1891.6,9,0,1,0.763,2.72,0.88,4,18.3,0.488,86.4,4,741.0,65,13,9.5,61.0,94.3,0,7.5,0.72,1,2.8,1.8400000000000003,71.11999999999999,11.4,77.65,8.9304,0.4,Elite,6.60934924316738,False,False,False,False,False,True,False,True,False,False
USA,USA,CONCACAF,34,1548.5,5,5,0,0.571,1.65,1.45,3,11.6,0.31,80.9,2,358.0,41,5,4.3,55.6,81.5,1,1.1,0.88,0,1.5,0.19999999999999996,49.075,8.731707317073171,68.55,3.596,0.3,Mid,5.883322388488279,False,False,True,False,False,False,False,False,True,False
Honduras,HON,CONCACAF,45,1420.1,1,5,4,0.262,1.29,1.59,2,9.4,0.25,71.7,1,207.0,24,9,2.1,48.8,73.4,0,1.3,0.7,0,0.7,-0.30000000000000004,35.065,8.625,61.1,2.35,0.2,Developing,5.337538079701318,False,False,True,False,False,False,True,False,False,False
Honduras,HON,CONCACAF,43,1409.0,3,5,2,0.425,1.0,1.33,0,8.0,0.353,72.8,0,321.0,22,10,5.3,48.3,72.0,0,2.5,0.91,1,1.1,-0.33000000000000007,48.28,14.590909090909092,60.15,2.824,0.0,Developing,5.7745515455444085,False,False,True,False,False,False,True,False,False,False
France,FRA,UEFA,1,1862.9,8,0,2,0.779,1.82,0.98,5,14.9,0.402,87.0,5,725.0,44,12,9.9,66.7,93.2,0,7.7,0.49,1,2.6,0.8400000000000001,72.89,16.477272727272727,79.95,5.989800000000001,0.5,Elite,6.587550014824796,False,False,False,False,False,True,False,True,False,False
Germany,DEU,UEFA,9,1807.0,8,1,1,0.714,1.81,0.64,3,13.3,0.354,76.9,1,824.0,39,12,7.7,60.4,86.7,0,8.3,0.53,0,2.5,1.17,61.004999999999995,21.128205128205128,73.55,4.7082,0.3,Elite,6.715383386334681,False,False,False,False,False,True,False,True,False,False
Netherlands,NED,UEFA,18,1697.3,7,1,2,0.553,1.89,1.18,5,15.9,0.38,83.5,3,578.0,44,12,7.9,54.6,80.4,0,6.2,0.59,1,2.3,0.71,62.405,13.136363636363637,67.5,6.042,0.5,Strong,6.361302477572996,False,False,False,False,False,True,False,False,False,True
Algeria,ALG,CAF,48,1587.2,1,6,3,0.29,0.92,1.78,0,8.5,0.286,73.4,1,210.0,22,2,4.1,49.3,79.2,0,10.6,0.43,0,0.6,-0.86,42.94,9.545454545454545,64.25,2.4309999999999996,0.0,Developing,5.351858133476067,False,True,False,False,False,False,True,False,False,False
Chile,CHI,CONMEBOL,48,1421.3,4,5,1,0.315,0.75,1.24,2,8.7,0.297,72.5,0,321.0,25,4,3.0,41.8,72.8,0,6.9,0.57,0,1.3,-0.49,39.025,12.84,57.3,2.5839,0.2,Developing,5.7745515455444085,False,False,False,True,False,False,True,False,False,False
Chile,CHI,CONMEBOL,32,1441.0,2,6,2,0.316,1.15,1.88,2,7.8,0.321,72.2,2,251.0,31,8,0.6,41.2,75.8,0,6.9,0.63,0,0.8,-0.73,30.53,8.096774193548388,58.5,2.5038,0.2,Mid,5.529429087511423,False,False,False,True,False,False,False,False,True,False
Uruguay,URU,CONMEBOL,7,1828.0,8,2,0,0.64,1.56,0.67,4,17.0,0.454,84.5,3,570.0,46,19,6.4,54.5,85.4,0,4.3,0.55,0,2.4,0.89,58.375,12.391304347826088,69.95,7.718,0.4,Elite,6.3473892096560105,False,False,False,True,False,False,False,True,False,False
England,ENG,UEFA,3,1883.7,7,2,1,0.674,2.56,0.46,4,17.8,0.542,87.1,5,725.0,53,18,7.1,64.7,86.4,0,8.3,0.5,1,2.2,2.1,62.074999999999996,13.679245283018869,75.55000000000001,9.6476,0.4,Elite,6.587550014824796,False,False,False,False,False,True,False,True,False,False
Jamaica,JAM,CONCACAF,31,1412.3,4,4,2,0.447,0.54,1.34,0,8.3,0.259,72.6,2,292.0,28,3,5.1,45.7,77.2,0,1.8,0.82,0,1.4,-0.8,47.72999999999999,10.428571428571429,61.45,2.1497,0.0,Mid,5.680172609017068,False,False,True,False,False,False,False,False,True,False
Canada,CAN,CONCACAF,32,1420.2,2,5,3,0.434,1.05,1.36,0,10.6,0.233,76.7,2,272.0,16,6,2.9,47.7,74.8,1,1.3,0.9,0,0.9,-0.31000000000000005,41.334999999999994,17.0,61.25,2.4698,0.0,Mid,5.60947179518496,False,False,True,False,False,False,False,False,True,False
Serbia,SRB,UEFA,15,1577.2,3,2,5,0.454,1.36,1.2,2,9.8,0.396,79.0,3,360.0,38,7,4.4,55.8,78.9,0,7.3,0.72,0,1.4,0.16000000000000014,47.589999999999996,9.473684210526315,67.35,3.8808000000000002,0.2,Strong,5.8888779583328805,False,False,False,False,False,True,False,False,False,True
Honduras,HON,CONCACAF,38,1483.9,3,6,1,0.43,0.58,1.74,1,8.5,0.278,71.2,0,344.0,34,9,3.6,41.7,70.2,0,1.5,0.84,0,1.0,-1.1600000000000001,41.81999999999999,10.117647058823529,55.95,2.3630000000000004,0.1,Developing,5.84354441703136,False,False,True,False,False,False,True,False,False,False
Sweden,SWE,UEFA,12,1694.2,5,3,2,0.431,1.68,1.39,2,9.3,0.404,76.4,1,532.0,26,11,6.0,50.0,84.6,0,8.1,0.64,1,1.7,0.29000000000000004,52.050000000000004,20.46153846153846,67.3,3.7572000000000005,0.2,Strong,6.278521424165844,False,False,False,False,False,True,False,False,False,True
Brazil,BRA,CONMEBOL,1,1937.0,6,1,3,0.67,2.34,0.45,3,14.9,0.458,89.7,3,1196.0,57,10,8.1,56.1,88.1,0,7.1,0.66,1,2.1,1.89,66.445,20.982456140350877,72.1,6.8242,0.3,Elite,7.087573705557973,False,False,False,True,False,False,False,True,False,False
Costa Rica,CRC,CONCACAF,49,1500.8,4,7,0,0.331,1.15,1.56,2,8.4,0.322,72.2,0,368.0,27,5,3.1,40.8,77.1,0,1.4,0.72,0,1.0909090909090908,-0.41000000000000014,39.43,13.62962962962963,58.949999999999996,2.7048,0.2,Developing,5.910796644040527,False,False,True,False,False,False,True,False,False,False
Belgium,BEL,UEFA,14,1659.5,5,1,4,0.616,1.61,0.85,3,15.7,0.372,80.3,2,565.0,37,17,7.5,57.6,88.3,0,8.5,0.57,0,1.9,0.7600000000000001,60.515,15.27027027027027,72.95,5.8404,0.3,Strong,6.338594078203183,False,False,False,False,False,True,False,False,False,True
Austria,AUT,UEFA,18,1614.0,6,4,0,0.555,1.31,1.11,1,11.3,0.413,78.7,1,390.0,41,4,5.4,50.0,78.6,0,5.7,0.6,0,1.8,0.19999999999999996,51.995000000000005,9.512195121951219,64.3,4.6669,0.1,Strong,5.968707559985366,False,False,False,False,False,True,False,False,False,True
Algeria,ALG,CAF,40,1543.6,1,6,3,0.442,1.21,1.8,2,6.1,0.255,73.2,1,292.0,27,7,3.0,45.6,74.1,0,10.0,0.46,0,0.6,-0.5900000000000001,40.540000000000006,10.814814814814815,59.849999999999994,1.5554999999999999,0.2,Developing,5.680172609017068,False,True,False,False,False,False,True,False,False,False
England,ENG,UEFA,8,1877.6,9,1,0,0.787,2.68,0.52,6,19.8,0.499,86.7,4,907.0,48,11,7.1,59.6,89.0,0,5.8,0.58,0,2.7,2.16,63.06499999999999,18.895833333333332,74.3,9.8802,0.6,Elite,6.811244378601294,False,False,False,False,False,True,False,True,False,False
Argentina,ARG,CONMEBOL,3,1810.2,7,1,2,0.671,2.53,0.63,3,15.6,0.489,88.1,5,826.0,64,19,7.2,63.0,88.8,0,7.8,0.77,1,2.3,1.9,62.745,12.90625,75.9,7.6284,0.3,Elite,6.717804695023691,False,False,False,True,False,False,False,True,False,False
Argentina,ARG,CONMEBOL,4,1787.1,8,0,2,0.85,2.42,0.66,5,17.3,0.526,90.0,3,716.0,62,21,8.8,55.8,87.3,0,6.7,0.8,1,2.6,1.7599999999999998,70.8,11.548387096774194,71.55,9.0998,0.5,Elite,6.57507584059962,False,False,False,True,False,False,False,True,False,False
Morocco,MAR,CAF,24,1618.4,5,3,2,0.589,1.51,0.95,3,12.2,0.416,79.0,2,476.0,41,10,5.6,53.2,81.3,0,8.4,0.37,1,1.7,0.56,53.14,11.609756097560975,67.25,5.0752,0.3,Mid,6.1675164908883415,False,True,False,False,False,False,False,False,True,False
Netherlands,NED,UEFA,8,1719.0,7,1,2,0.653,1.64,0.85,2,13.9,0.408,85.2,4,460.0,44,5,8.4,57.3,88.4,0,5.1,0.65,0,2.3,0.7899999999999999,65.75,10.454545454545455,72.85,5.6712,0.2,Elite,6.133398042996649,False,False,False,False,False,True,False,True,False,False
Serbia,SRB,UEFA,35,1672.2,6,3,1,0.418,1.6,1.24,3,12.6,0.418,75.1,3,438.0,26,15,4.6,45.7,75.2,0,8.3,0.56,0,1.9,0.3600000000000001,46.56499999999999,16.846153846153847,60.45,5.2668,0.3,Mid,6.0844994130751715,False,False,False,False,False,True,False,False,True,False
Ghana,GHA,CAF,33,1401.8,3,4,3,0.417,0.9,1.26,1,9.0,0.246,75.6,0,261.0,21,9,2.3,45.6,71.4,0,8.8,0.35,1,1.2,-0.36,38.68,12.428571428571429,58.5,2.214,0.1,Mid,5.568344503761097,False,True,False,False,False,False,False,False,True,False
Germany,DEU,UEFA,17,1701.0,6,1,3,0.605,1.55,0.95,2,12.9,0.456,79.8,3,605.0,41,8,6.9,52.0,89.7,0,8.3,0.47,1,2.1,0.6000000000000001,58.129999999999995,14.75609756097561,70.85,5.8824000000000005,0.2,Strong,6.406879986069314,False,False,False,False,False,True,False,False,False,True
Poland,POL,UEFA,30,1707.2,5,3,2,0.5,1.31,1.04,1,9.2,0.323,79.5,2,340.0,39,5,6.6,53.2,76.2,0,6.0,0.73,0,1.7,0.27,55.925,8.717948717948717,64.7,2.9716,0.1,Mid,5.831882477283517,False,False,False,False,False,True,False,False,True,False
Netherlands,NED,UEFA,13,1735.4,6,3,1,0.703,2.03,0.72,4,15.8,0.382,79.3,3,662.0,43,12,7.3,55.1,83.1,0,7.1,0.65,0,1.9,1.3099999999999998,60.335,15.395348837209303,69.1,6.0356000000000005,0.4,Strong,6.4967749901858625,False,False,False,False,False,True,False,False,False,True
Denmark,DEN,UEFA,23,1515.6,6,3,1,0.54,1.29,0.9,1,13.6,0.414,74.5,1,522.0,33,12,5.3,53.3,79.9,0,8.6,0.53,0,1.9,0.39,50.025,15.818181818181818,66.6,5.6304,0.1,Mid,6.259581464064923,False,False,False,False,False,True,False,False,True,False
Peru,PER,CONMEBOL,34,1439.6,2,7,1,0.245,0.69,1.62,1,6.7,0.229,75.1,0,303.0,15,3,3.2,47.5,77.6,0,5.3,0.74,0,0.7,-0.9300000000000002,39.935,20.2,62.55,1.5343,0.1,Mid,5.717027701406222,False,False,False,True,False,False,False,False,True,False
Turkey,TUR,UEFA,41,1574.7,3,7,0,0.233,1.19,1.83,1,8.8,0.294,74.6,0,335.0,17,5,3.9,44.0,76.8,0,5.8,0.69,0,0.9,-0.6400000000000001,42.089999999999996,19.705882352941178,60.4,2.5872,0.1,Developing,5.817111159963204,False,False,False,False,False,True,True,False,False,False
Argentina,ARG,CONMEBOL,2,1925.6,9,0,1,0.726,2.1,0.41,6,15.4,0.461,89.0,3,1165.0,60,11,5.6,59.4,89.4,0,4.9,0.58,1,2.8,1.6900000000000002,58.01,19.416666666666668,74.4,7.0994,0.6,Elite,7.061334366910438,False,False,False,True,False,False,False,True,False,False
Mexico,MEX,CONCACAF,27,1564.1,3,4,3,0.578,1.52,0.82,4,9.4,0.34,74.6,1,507.0,39,6,4.0,45.1,76.6,1,2.2,0.88,0,1.2,0.7000000000000001,45.89,13.0,60.849999999999994,3.196,0.4,Mid,6.230481447578482,False,False,True,False,False,False,False,False,True,False
Netherlands,NED,UEFA,13,1752.6,5,3,2,0.675,2.11,0.86,4,17.0,0.403,81.0,3,657.0,41,12,5.5,55.4,85.7,0,9.0,0.54,1,1.7,1.25,54.349999999999994,16.024390243902438,70.55,6.851000000000001,0.4,Strong,6.489204931325317,False,False,False,False,False,True,False,False,False,True
Brazil,BRA,CONMEBOL,7,1994.0,7,0,3,0.845,2.03,0.93,4,15.7,0.477,88.6,4,1002.0,58,15,7.5,55.2,90.9,0,4.6,0.66,0,2.4,1.0999999999999996,65.71,17.275862068965516,73.05000000000001,7.488899999999999,0.4,Elite,6.910750787961936,False,False,False,True,False,False,False,True,False,False
Iran,IRN,AFC,29,1561.0,4,4,2,0.303,0.77,1.32,0,7.6,0.285,72.0,2,380.0,27,1,3.8,40.6,72.2,0,10.8,0.45,0,1.4,-0.55,41.53,14.074074074074074,56.400000000000006,2.166,0.0,Mid,5.942799375126701,True,False,False,False,False,False,False,False,True,False
Poland,POL,UEFA,32,1624.3,4,2,4,0.41,1.01,1.36,1,11.5,0.307,77.7,2,508.0,33,8,5.4,50.7,84.7,0,5.9,0.69,0,1.6,-0.3500000000000001,50.195,15.393939393939394,67.7,3.5305,0.1,Mid,6.2324480165505225,False,False,False,False,False,True,False,False,True,False
Netherlands,NED,UEFA,17,1719.8,8,2,0,0.612,1.71,0.66,4,12.8,0.476,85.4,2,738.0,36,14,7.0,54.0,83.1,0,7.0,0.57,1,2.4,1.0499999999999998,60.51,20.5,68.55,6.0928,0.4,Strong,6.6052979209482015,False,False,False,False,False,True,False,False,False,True
Nigeria,NGA,CAF,46,1556.3,1,5,4,0.327,1.09,2.19,2,9.2,0.23,76.4,2,347.0,24,9,2.7,47.2,73.1,0,7.6,0.33,0,0.7,-1.0999999999999999,39.46000000000001,14.458333333333334,60.15,2.116,0.2,Developing,5.8522024797744745,False,True,False,False,False,False,True,False,False,False
Morocco,MAR,CAF,27,1542.4,6,3,1,0.541,1.02,0.81,2,10.6,0.356,80.6,3,531.0,36,15,6.5,50.3,80.1,0,8.9,0.5,1,1.9,0.20999999999999996,56.36999999999999,14.75,65.19999999999999,3.7735999999999996,0.2,Mid,6.2766434893416445,False,True,False,False,False,False,False,False,True,False
Mexico,MEX,CONCACAF,19,1500.8,6,3,1,0.496,1.48,1.4,4,12.2,0.332,74.4,1,332.0,38,5,5.1,54.9,75.6,1,2.8,0.86,1,1.9,0.08000000000000007,48.85,8.736842105263158,65.25,4.0504,0.4,Strong,5.808142489980444,False,False,True,False,False,False,False,False,False,True
Brazil,BRA,CONMEBOL,6,1985.6,9,2,0,0.82,2.68,0.73,7,16.4,0.497,87.9,4,860.0,52,14,8.3,56.7,89.8,0,5.3,0.74,1,2.4545454545454546,1.9500000000000002,68.015,16.53846153846154,73.25,8.150799999999998,0.7,Elite,6.7580945044277305,False,False,False,True,False,False,False,True,False,False
France,FRA,UEFA,1,1898.3,9,2,0,0.803,1.94,0.54,5,19.8,0.519,84.7,5,923.0,42,19,9.7,63.3,87.9,0,6.5,0.6,0,2.4545454545454546,1.4,71.625,21.976190476190474,75.6,10.276200000000001,0.5,Elite,6.828712071641684,False,False,False,False,False,True,False,True,False,False
Chile,CHI,CONMEBOL,40,1532.1,3,6,1,0.219,0.96,1.84,0,8.7,0.281,75.2,0,264.0,33,2,5.6,47.2,73.3,0,5.9,0.77,0,1.0,-0.8800000000000001,48.11,8.0,60.25,2.4447,0.0,Developing,5.579729825986222,False,False,False,True,False,False,True,False,False,False
Peru,PER,CONMEBOL,42,1469.8,3,5,2,0.432,0.96,1.87,2,9.5,0.335,71.7,0,234.0,31,5,4.7,43.5,75.3,0,4.0,0.61,0,1.1,-0.9100000000000001,45.865,7.548387096774194,59.4,3.1825,0.2,Developing,5.459585514144159,False,False,False,True,False,False,True,False,False,False
Morocco,MAR,CAF,34,1504.6,6,2,2,0.416,1.25,1.32,2,12.7,0.337,80.0,1,431.0,37,13,6.2,51.8,75.1,0,10.2,0.33,0,2.0,-0.07000000000000006,53.86,11.64864864864865,63.449999999999996,4.2799,0.2,Mid,6.068425588244111,False,True,False,False,False,False,False,False,True,False
Jamaica,JAM,CONCACAF,45,1599.4,4,4,2,0.366,1.13,1.59,0,6.8,0.351,72.7,0,343.0,31,9,3.6,48.3,74.7,0,1.2,0.82,0,1.4,-0.4600000000000002,41.705,11.064516129032258,61.5,2.3867999999999996,0.0,Developing,5.840641657373398,False,False,True,False,False,False,True,False,False,False
Australia,AUS,AFC,26,1614.5,6,5,0,0.527,1.32,1.04,4,11.5,0.319,75.3,1,254.0,28,7,5.5,47.0,81.4,0,11.3,0.56,0,1.6363636363636365,0.28,50.875,9.071428571428571,64.2,3.6685,0.4,Mid,5.541263545158426,True,False,False,False,False,False,False,False,True,False
England,ENG,UEFA,4,1845.5,8,0,2,0.774,2.11,0.45,6,16.9,0.513,86.2,5,878.0,44,25,9.0,58.6,88.2,0,9.0,0.75,1,2.6,1.66,69.41,19.954545454545453,73.4,8.669699999999999,0.6,Elite,6.778784897685177,False,False,False,False,False,True,False,True,False,False
England,ENG,UEFA,5,1871.5,7,0,3,0.671,2.49,0.5,7,19.4,0.521,83.5,4,1051.0,62,20,7.4,61.9,89.1,0,6.9,0.47,0,2.4,1.9900000000000002,61.835,16.951612903225808,75.5,10.1074,0.7,Elite,6.9584483932976555,False,False,False,False,False,True,False,True,False,False
Belgium,BEL,UEFA,11,1814.1,8,2,0,0.578,1.79,1.04,2,13.0,0.478,84.2,3,828.0,35,9,7.8,53.2,87.2,0,8.0,0.52,0,2.4,0.75,62.55,23.65714285714286,70.2,6.2139999999999995,0.2,Strong,6.720220155135295,False,False,False,False,False,True,False,False,False,True
Peru,PER,CONMEBOL,49,1564.1,3,5,2,0.33,0.87,1.51,0,9.7,0.23,76.1,0,326.0,23,5,5.0,44.6,72.4,0,5.9,0.77,1,1.1,-0.64,47.434999999999995,14.173913043478262,58.5,2.231,0.0,Developing,5.7899601708972535,False,False,False,True,False,False,True,False,False,False
Saudi Arabia,KSA,AFC,40,1598.3,4,5,1,0.299,0.76,2.18,0,9.9,0.328,71.6,2,285.0,16,9,2.5,42.5,71.1,0,12.5,0.57,0,1.3,-1.4200000000000002,36.8,17.8125,56.8,3.2472000000000003,0.0,Developing,5.655991810819852,True,False,False,False,False,False,True,False,False,False
Wales,WAL,UEFA,33,1589.5,4,6,0,0.419,0.57,2.12,2,6.9,0.255,72.8,2,276.0,21,8,5.2,48.7,78.5,0,8.1,0.48,1,1.2,-1.5500000000000003,47.86999999999999,13.142857142857142,63.6,1.7595,0.2,Mid,5.6240175061873385,False,False,False,False,False,True,False,False,True,False
Peru,PER,CONMEBOL,42,1589.2,2,4,4,0.335,1.27,1.46,0,10.3,0.235,76.6,1,301.0,15,7,2.2,45.4,74.7,0,6.5,0.77,0,1.0,-0.18999999999999995,37.86,20.066666666666666,60.05,2.4205,0.0,Developing,5.71042701737487,False,False,False,True,False,False,True,False,False,False
Germany,DEU,UEFA,10,1660.1,7,3,0,0.578,2.05,1.11,2,16.2,0.471,83.4,4,671.0,38,12,7.4,58.6,82.6,0,5.8,0.65,1,2.1,0.9399999999999997,60.870000000000005,17.657894736842106,70.6,7.630199999999999,0.2,Elite,6.51025834052315,False,False,False,False,False,True,False,True,False,False
Portugal,POR,UEFA,6,1730.6,8,3,0,0.605,2.17,0.98,4,12.1,0.359,83.6,2,488.0,35,5,7.3,56.8,81.4,0,7.5,0.51,0,2.1818181818181817,1.19,60.85999999999999,13.942857142857143,69.1,4.3439,0.4,Elite,6.192362489474872,False,False,False,False,False,True,False,True,False,False
Argentina,ARG,CONMEBOL,5,1991.6,7,0,3,0.749,1.96,0.99,3,17.9,0.452,89.8,3,765.0,53,11,8.1,63.7,87.6,0,6.9,0.67,1,2.4,0.97,67.27,14.433962264150944,75.65,8.0908,0.3,Elite,6.641182169740591,False,False,False,True,False,False,False,True,False,False
Iran,IRN,AFC,28,1460.7,3,7,0,0.367,1.28,1.81,1,8.2,0.353,71.7,0,309.0,29,3,2.7,42.1,71.9,0,11.4,0.38,0,0.9,-0.53,38.215,10.655172413793103,57.0,2.8945999999999996,0.1,Mid,5.736572297479192,True,False,False,False,False,False,False,False,True,False
Chile,CHI,CONMEBOL,34,1584.4,4,6,0,0.333,1.26,1.6,1,7.7,0.279,70.9,2,282.0,35,3,3.9,46.5,71.6,0,7.9,0.57,0,1.2,-0.3400000000000001,41.795,8.057142857142857,59.05,2.1483000000000003,0.1,Mid,5.645446897643238,False,False,False,True,False,False,False,False,True,False
Colombia,COL,CONMEBOL,11,1807.6,8,1,1,0.694,1.78,0.82,2,16.3,0.417,79.7,4,720.0,46,12,5.8,57.3,80.8,0,6.1,0.65,0,2.5,0.9600000000000001,55.135,15.652173913043478,69.05,6.7971,0.2,Strong,6.580639137284949,False,False,False,True,False,False,False,False,False,True
Serbia,SRB,UEFA,34,1627.5,4,4,2,0.419,1.68,1.0,4,12.6,0.31,75.3,2,411.0,45,13,6.4,46.4,81.9,0,6.2,0.64,0,1.4,0.6799999999999999,52.94499999999999,9.133333333333333,64.15,3.9059999999999997,0.4,Mid,6.021023349349527,False,False,False,False,False,True,False,False,True,False
England,ENG,UEFA,3,1827.7,9,2,0,0.717,1.87,0.45,6,16.7,0.438,88.8,3,1044.0,50,10,7.5,56.1,87.0,0,7.8,0.57,1,2.4545454545454546,1.4200000000000002,64.5,20.88,71.55,7.3145999999999995,0.6,Elite,6.951772164398911,False,False,False,False,False,True,False,True,False,False
Egypt,EGY,CAF,42,1577.6,3,5,2,0.315,0.65,1.41,0,10.5,0.249,71.6,0,206.0,18,1,2.5,46.4,77.1,0,9.2,0.33,0,1.1,-0.7599999999999999,36.959999999999994,11.444444444444445,61.75,2.6145,0.0,Developing,5.332718793265369,False,True,False,False,False,False,True,False,False,False
Wales,WAL,UEFA,36,1491.7,2,7,1,0.418,1.3,1.81,0,10.8,0.265,77.0,1,266.0,28,1,5.5,48.4,76.1,0,6.3,0.7,0,0.7,-0.51,50.38,9.5,62.25,2.8620000000000005,0.0,Developing,5.58724865840025,False,False,False,False,False,True,True,False,False,False
China,CHN,AFC,37,1508.8,1,6,3,0.286,0.61,1.64,2,9.6,0.255,76.1,0,372.0,21,8,5.0,46.9,72.7,0,9.3,0.51,0,0.6,-1.0299999999999998,46.995,17.714285714285715,59.8,2.448,0.2,Developing,5.921578419643816,True,False,False,False,False,False,True,False,False,False
Qatar,QAT,AFC,42,1508.6,2,4,4,0.269,1.13,1.43,0,8.1,0.266,74.2,0,233.0,30,5,3.7,49.6,74.9,0,10.0,0.49,0,1.0,-0.30000000000000004,41.61,7.766666666666667,62.25,2.1546,0.0,Developing,5.455321115357702,True,False,False,False,False,False,True,False,False,False
Chile,CHI,CONMEBOL,43,1545.7,2,4,4,0.381,0.72,2.05,1,7.3,0.232,70.8,2,227.0,15,5,4.8,43.5,73.9,0,4.8,0.57,0,1.0,-1.3299999999999998,45.39,15.133333333333333,58.7,1.6936,0.1,Developing,5.429345628954441,False,False,False,True,False,False,True,False,False,False
Brazil,BRA,CONMEBOL,6,1881.0,6,1,3,0.771,1.91,0.74,6,19.1,0.48,84.8,3,794.0,52,11,8.6,65.5,91.6,0,4.5,0.73,1,2.1,1.17,67.49,15.26923076923077,78.55,9.168000000000001,0.6,Elite,6.678342114654332,False,False,False,True,False,False,False,True,False,False
Nigeria,NGA,CAF,37,1459.6,4,5,1,0.345,1.07,2.12,0,9.4,0.275,70.0,0,327.0,26,9,5.4,42.2,76.1,0,8.8,0.53,0,1.3,-1.05,46.85000000000001,12.576923076923077,59.15,2.5850000000000004,0.0,Developing,5.793013608384144,False,True,False,False,False,False,True,False,False,False
Italy,ITA,UEFA,10,1687.7,7,2,1,0.675,1.64,0.71,3,14.9,0.468,81.2,2,789.0,50,19,6.5,52.5,81.8,0,8.6,0.57,0,2.2,0.9299999999999999,57.92,15.78,67.15,6.9732,0.3,Elite,6.672032945461067,False,False,False,False,False,True,False,True,False,False
Egypt,EGY,CAF,40,1572.2,1,7,2,0.382,0.78,1.88,0,8.2,0.346,75.3,0,309.0,16,3,4.9,48.8,71.0,0,7.5,0.42,1,0.5,-1.0999999999999999,47.324999999999996,19.3125,59.9,2.8371999999999997,0.0,Developing,5.736572297479192,False,True,False,False,False,False,True,False,False,False
Qatar,QAT,AFC,50,1452.5,1,5,4,0.36,0.6,1.68,1,9.9,0.223,76.2,2,346.0,15,1,2.7,41.1,71.6,0,13.1,0.55,1,0.7,-1.08,39.72,23.066666666666666,56.349999999999994,2.2077,0.1,Developing,5.849324779946859,True,False,False,False,False,False,True,False,False,False
Wales,WAL,UEFA,48,1538.6,4,4,2,0.391,0.64,1.52,2,10.9,0.292,76.5,0,374.0,27,1,2.2,49.4,76.1,0,6.9,0.48,0,1.4,-0.88,38.385000000000005,13.851851851851851,62.75,3.1828,0.2,Developing,5.926926025970411,False,False,False,False,False,True,True,False,False,False
Qatar,QAT,AFC,33,1543.8,1,5,4,0.42,0.71,1.79,2,6.6,0.285,75.9,0,250.0,15,5,4.6,46.4,70.5,0,8.2,0.49,0,0.7,-1.08,46.865,16.666666666666668,58.45,1.8809999999999998,0.2,Mid,5.5254529391317835,True,False,False,False,False,False,False,False,True,False
Netherlands,NED,UEFA,9,1676.0,6,2,2,0.622,2.19,0.93,4,12.9,0.364,83.0,3,506.0,50,11,6.8,61.2,85.3,0,5.6,0.45,0,2.0,1.2599999999999998,59.06999999999999,10.12,73.25,4.6956,0.4,Elite,6.2285110035911835,False,False,False,False,False,True,False,True,False,False
Saudi Arabia,KSA,AFC,48,1503.3,3,7,0,0.22,0.98,1.36,1,10.0,0.359,72.6,1,231.0,26,2,5.2,41.3,78.2,0,13.3,0.48,0,0.9,-0.3800000000000001,45.81,8.884615384615385,59.75,3.59,0.1,Developing,5.44673737166631,True,False,False,False,False,False,True,False,False,False
Argentina,ARG,CONMEBOL,8,1915.0,9,0,1,0.837,2.67,0.99,4,15.7,0.457,83.7,5,869.0,61,8,7.9,67.0,92.5,0,6.5,0.74,1,2.8,1.68,65.315,14.245901639344263,79.75,7.1749,0.4,Elite,6.76849321164863,False,False,False,True,False,False,False,True,False,False
Ukraine,UKR,UEFA,31,1575.8,4,6,0,0.273,0.82,2.05,0,6.1,0.301,73.8,0,277.0,17,4,2.7,41.5,76.8,0,5.7,0.53,0,1.2,-1.23,38.010000000000005,16.294117647058822,59.15,1.8360999999999998,0.0,Mid,5.627621113690637,False,False,False,False,False,True,False,False,True,False
Wales,WAL,UEFA,45,1451.4,3,5,2,0.304,0.99,1.68,0,7.1,0.292,71.8,0,318.0,25,2,3.3,44.1,74.5,0,8.4,0.73,1,1.1,-0.69,39.72,12.72,59.3,2.0732,0.0,Developing,5.765191102784844,False,False,False,False,False,True,True,False,False,False
Germany,DEU,UEFA,8,1724.4,8,2,0,0.64,1.93,0.72,3,15.5,0.4,85.1,3,545.0,47,7,5.9,58.2,82.3,0,8.5,0.46,0,2.4,1.21,56.835,11.595744680851064,70.25,6.2,0.3,Elite,6.302618975744905,False,False,False,False,False,True,False,True,False,False
Costa Rica,CRC,CONCACAF,46,1499.1,2,5,3,0.302,1.03,2.08,2,6.3,0.248,70.1,0,257.0,26,10,3.5,49.8,76.0,0,2.4,0.89,0,0.9,-1.05,39.805,9.884615384615385,62.9,1.5624,0.2,Developing,5.552959584921617,False,False,True,False,False,False,True,False,False,False
Switzerland,SUI,UEFA,29,1595.9,4,5,1,0.409,1.04,1.12,1,11.6,0.368,77.5,3,313.0,35,4,4.9,49.4,80.0,0,8.2,0.58,1,1.3,-0.08000000000000007,48.36500000000001,8.942857142857143,64.7,4.2688,0.1,Mid,5.749392985908253,False,False,False,False,False,True,False,False,True,False
Belgium,BEL,UEFA,8,1723.4,5,3,2,0.596,2.04,0.63,4,13.5,0.388,84.7,4,772.0,40,15,7.1,50.6,82.4,0,7.7,0.49,1,1.7,1.4100000000000001,60.455,19.3,66.5,5.238,0.4,Elite,6.650279048587422,False,False,False,False,False,True,False,True,False,False
Saudi Arabia,KSA,AFC,39,1594.4,2,7,1,0.435,0.71,2.05,2,9.1,0.233,70.7,0,258.0,29,6,3.6,41.1,80.0,0,13.3,0.32,0,0.7,-1.3399999999999999,41.695,8.89655172413793,60.55,2.1203,0.2,Developing,5.556828061699537,True,False,False,False,False,False,True,False,False,False
Germany,DEU,UEFA,17,1762.5,6,2,2,0.663,1.68,0.7,3,15.0,0.357,82.9,3,816.0,41,18,6.2,59.2,82.6,0,8.9,0.72,0,2.0,0.98,57.345000000000006,19.902439024390244,70.9,5.3549999999999995,0.3,Strong,6.705639094860003,False,False,False,False,False,True,False,False,False,True
Brazil,BRA,CONMEBOL,3,1976.9,8,1,1,0.702,1.82,0.42,7,16.1,0.462,83.1,3,1055.0,44,10,9.1,57.9,92.8,0,7.1,0.66,1,2.5,1.4000000000000001,67.955,23.977272727272727,75.35,7.438200000000001,0.7,Elite,6.962243464266207,False,False,False,True,False,False,False,True,False,False
Spain,ESP,UEFA,2,1903.2,7,1,2,0.692,2.26,0.95,6,18.4,0.446,85.4,3,1161.0,64,23,9.5,56.2,85.6,0,7.7,0.7,1,2.3,1.3099999999999998,70.06,18.140625,70.9,8.2064,0.6,Elite,7.057897937411856,False,False,False,False,False,True,False,True,False,False
Italy,ITA,UEFA,12,1735.2,7,2,1,0.673,1.56,0.75,5,16.0,0.403,80.6,3,535.0,54,17,7.8,59.9,86.1,0,6.5,0.69,0,2.2,0.81,62.239999999999995,9.907407407407407,73.0,6.448,0.5,Strong,6.284134161070802,False,False,False,False,False,True,False,False,False,True
Wales,WAL,UEFA,39,1410.6,1,7,2,0.21,1.06,1.65,1,10.0,0.258,73.3,2,279.0,33,9,4.5,49.1,77.7,0,6.4,0.5,0,0.5,-0.5899999999999999,43.505,8.454545454545455,63.400000000000006,2.58,0.1,Developing,5.634789603169249,False,False,False,False,False,True,True,False,False,False
New Zealand,NZL,OFC,31,1451.4,2,6,2,0.435,0.62,1.21,2,7.7,0.283,74.0,1,223.0,15,10,2.2,43.3,75.6,0,13.7,0.48,0,0.8,-0.59,37.95,14.866666666666667,59.449999999999996,2.1791,0.2,Mid,5.4116460518550396,False,False,False,False,True,False,False,False,True,False
Netherlands,NED,UEFA,13,1773.0,8,3,0,0.621,2.08,0.74,3,16.3,0.408,83.1,3,504.0,37,8,6.7,59.0,82.5,0,8.2,0.68,0,2.1818181818181817,1.34,58.745,13.621621621621621,70.75,6.650399999999999,0.3,Strong,6.22455842927536,False,False,False,False,False,True,False,False,False,True
Poland,POL,UEFA,21,1543.7,4,5,1,0.525,1.48,0.89,2,13.9,0.38,76.9,3,472.0,33,14,5.5,51.5,84.9,0,7.7,0.75,1,1.3,0.59,51.415,14.303030303030303,68.2,5.282,0.2,Mid,6.159095388491933,False,False,False,False,False,True,False,False,True,False
Colombia,COL,CONMEBOL,6,1790.1,6,2,2,0.631,2.03,0.68,4,14.0,0.475,82.8,3,800.0,44,17,7.4,54.5,80.2,0,5.2,0.78,1,2.0,1.3499999999999996,61.19,18.181818181818183,67.35,6.6499999999999995,0.4,Elite,6.68586094706836,False,False,False,True,False,False,False,True,False,False
China,CHN,AFC,31,1420.6,4,7,0,0.377,0.9,2.07,1,8.0,0.33,76.7,1,288.0,31,9,5.3,40.9,78.1,0,8.6,0.65,0,1.0909090909090908,-1.17,49.165,9.290322580645162,59.5,2.64,0.1,Mid,5.666426688112432,True,False,False,False,False,False,False,False,True,False
South Korea,KOR,AFC,17,1716.1,3,4,3,0.408,1.07,0.8,1,9.0,0.327,76.4,1,407.0,41,15,5.0,48.6,76.4,0,12.2,0.34,0,1.2,0.27,48.32,9.926829268292684,62.5,2.943,0.1,Strong,6.0112671744041615,True,False,False,False,False,False,False,False,False,True
Algeria,ALG,CAF,40,1457.9,4,7,0,0.371,0.5,2.13,0,7.9,0.313,71.8,0,211.0,16,7,2.6,41.7,70.2,0,9.2,0.36,0,1.0909090909090908,-1.63,37.94,13.1875,55.95,2.4727,0.0,Developing,5.356586274672012,False,True,False,False,False,False,True,False,False,False
Argentina,ARG,CONMEBOL,2,1956.9,7,2,1,0.83,2.15,0.73,4,19.9,0.514,86.0,5,857.0,46,12,7.3,55.6,88.3,0,6.6,0.73,1,2.2,1.42,63.949999999999996,18.630434782608695,71.95,10.2286,0.4,Elite,6.754604099487962,False,False,False,True,False,False,False,True,False,False
New Zealand,NZL,OFC,32,1518.2,3,6,1,0.398,1.14,1.92,1,9.1,0.278,76.0,0,377.0,22,5,2.3,41.8,70.2,0,14.1,0.35,0,1.0,-0.78,38.629999999999995,17.136363636363637,56.0,2.5298000000000003,0.1,Mid,5.934894195619588,False,False,False,False,True,False,False,False,True,False
Spain,ESP,UEFA,6,1888.8,6,1,3,0.754,2.54,0.71,3,16.4,0.404,85.3,3,713.0,58,14,9.4,65.4,94.0,0,7.7,0.72,1,2.1,1.83,70.295,12.293103448275861,79.7,6.6255999999999995,0.3,Elite,6.570882962339584,False,False,False,False,False,True,False,True,False,False
New Zealand,NZL,OFC,32,1504.2,4,7,0,0.354,1.02,1.23,0,6.1,0.287,71.4,0,239.0,26,1,2.7,41.8,74.2,0,12.5,0.47,0,1.0909090909090908,-0.20999999999999996,37.980000000000004,9.192307692307692,58.0,1.7506999999999997,0.0,Mid,5.480638923341991,False,False,False,False,True,False,False,False,True,False
Netherlands,NED,UEFA,15,1680.9,7,3,0,0.581,1.67,0.93,2,12.3,0.457,79.9,2,796.0,41,19,7.7,57.4,84.3,0,8.1,0.59,1,2.1,0.7399999999999999,60.725,19.414634146341463,70.85,5.6211,0.2,Strong,6.680854678790215,False,False,False,False,False,True,False,False,False,True
Argentina,ARG,CONMEBOL,1,1906.7,9,0,1,0.655,1.81,0.93,6,19.2,0.415,86.1,5,1117.0,49,24,7.6,59.1,90.3,0,4.2,0.59,1,2.8,0.88,63.285,22.79591836734694,74.7,7.967999999999999,0.6,Elite,7.0192966537150445,False,False,False,True,False,False,False,True,False,False
Mexico,MEX,CONCACAF,13,1643.2,3,5,2,0.524,1.08,0.91,4,12.4,0.373,77.8,2,366.0,34,13,4.7,51.3,80.1,1,0.9,0.87,1,1.1,0.17000000000000004,48.919999999999995,10.764705882352942,65.69999999999999,4.6252,0.4,Strong,5.905361848054571,False,False,True,False,False,False,False,False,False,True
Ghana,GHA,CAF,39,1540.6,1,4,5,0.223,0.98,1.29,2,9.7,0.245,70.5,1,264.0,30,5,2.1,49.3,75.4,0,8.8,0.31,0,0.8,-0.31000000000000005,34.254999999999995,8.8,62.35,2.3764999999999996,0.2,Developing,5.579729825986222,False,True,False,False,False,False,True,False,False,False
Italy,ITA,UEFA,7,1731.4,8,2,0,0.682,1.86,1.06,4,13.9,0.412,83.4,3,455.0,38,12,8.1,61.8,81.3,0,5.8,0.63,1,2.4,0.8,64.36,11.973684210526315,71.55,5.7268,0.4,Elite,6.1224928095143865,False,False,False,False,False,True,False,True,False,False
Serbia,SRB,UEFA,14,1573.4,5,4,1,0.483,1.19,0.94,1,11.7,0.331,78.1,1,420.0,32,3,6.4,52.4,81.9,0,6.8,0.73,1,1.6,0.25,54.565,13.125,67.15,3.8727,0.1,Strong,6.042632833682381,False,False,False,False,False,True,False,False,False,True
Japan,JPN,AFC,34,1650.8,6,2,2,0.561,1.7,0.98,3,10.5,0.373,80.7,3,316.0,42,14,4.2,55.0,81.8,0,11.1,0.57,0,2.0,0.72,48.555,7.523809523809524,68.4,3.9165,0.3,Mid,5.75890177387728,True,False,False,False,False,False,False,False,True,False
Uruguay,URU,CONMEBOL,16,1817.0,7,1,2,0.68,1.47,0.91,3,16.7,0.361,84.6,2,637.0,35,8,6.5,55.1,80.2,0,7.5,0.69,0,2.3,0.5599999999999999,59.16,18.2,67.65,6.0287,0.3,Strong,6.45833828334479,False,False,False,True,False,False,False,False,False,True
Senegal,SEN,CAF,28,1631.2,4,5,1,0.585,1.62,1.12,3,12.4,0.338,75.8,1,395.0,27,6,5.1,46.8,82.9,0,9.6,0.28,0,1.3,0.5,50.23,14.62962962962963,64.85,4.1912,0.3,Mid,5.981414211254481,False,True,False,False,False,False,False,False,True,False
Portugal,POR,UEFA,9,1772.4,8,1,1,0.566,1.71,0.84,2,14.7,0.392,80.0,2,638.0,46,5,7.3,58.1,86.6,0,6.6,0.6,0,2.5,0.87,59.209999999999994,13.869565217391305,72.35,5.7623999999999995,0.2,Elite,6.459904454377535,False,False,False,False,False,True,False,True,False,False
Canada,CAN,CONCACAF,40,1471.5,1,4,5,0.301,1.04,1.27,2,7.4,0.256,74.6,2,374.0,34,7,2.3,44.9,72.0,1,2.9,0.81,1,0.8,-0.22999999999999998,37.169999999999995,11.0,58.45,1.8944,0.2,Developing,5.926926025970411,False,False,True,False,False,False,True,False,False,False
Brazil,BRA,CONMEBOL,2,1795.4,8,0,2,0.782,2.09,0.53,4,18.6,0.533,84.6,3,1102.0,62,9,9.3,61.7,93.5,0,4.0,0.65,1,2.6,1.5599999999999998,69.97999999999999,17.774193548387096,77.6,9.913800000000002,0.4,Elite,7.005789019253503,False,False,False,True,False,False,False,True,False,False
Egypt,EGY,CAF,49,1480.5,3,5,2,0.379,1.19,1.35,0,8.0,0.316,70.4,0,228.0,23,7,5.2,49.9,72.3,0,10.8,0.54,0,1.1,-0.16000000000000014,46.63,9.91304347826087,61.099999999999994,2.528,0.0,Developing,5.43372200355424,False,True,False,False,False,False,True,False,False,False
South Korea,KOR,AFC,22,1628.1,5,4,1,0.404,1.42,0.99,4,10.3,0.352,77.3,2,316.0,25,8,5.2,48.2,83.0,0,10.7,0.51,1,1.6,0.42999999999999994,49.294999999999995,12.64,65.6,3.6256,0.4,Mid,5.75890177387728,True,False,False,False,False,False,False,False,True,False
Ghana,GHA,CAF,44,1489.8,1,7,2,0.347,0.83,1.85,2,10.8,0.29,70.8,0,281.0,34,7,3.4,49.5,79.7,0,7.0,0.52,1,0.5,-1.02,40.15,8.264705882352942,64.6,3.132,0.2,Developing,5.641907070938114,False,True,False,False,False,False,True,False,False,False
Nigeria,NGA,CAF,42,1530.8,2,5,3,0.437,0.61,1.7,1,6.2,0.244,73.5,2,328.0,33,5,5.2,50.0,78.8,0,8.6,0.46,0,0.9,-1.0899999999999999,48.294999999999995,9.93939393939394,64.4,1.5128,0.1,Developing,5.796057750765372,False,True,False,False,False,False,True,False,False,False
Austria,AUT,UEFA,21,1644.8,6,3,1,0.459,1.0,1.06,3,11.9,0.357,78.0,1,499.0,30,11,5.9,53.2,83.6,0,7.7,0.51,0,1.9,-0.06000000000000005,52.540000000000006,16.633333333333333,68.4,4.2482999999999995,0.3,Mid,6.214608098422191,False,False,False,False,False,True,False,False,True,False
Croatia,CRO,UEFA,9,1783.7,7,3,0,0.555,1.61,1.14,5,13.6,0.448,80.5,2,827.0,46,16,7.4,58.0,86.6,0,6.7,0.5,1,2.1,0.4700000000000002,59.625,17.97826086956522,72.3,6.0927999999999995,0.5,Elite,6.71901315438526,False,False,False,False,False,True,False,True,False,False
France,FRA,UEFA,5,1910.0,9,2,0,0.706,2.03,0.84,6,17.0,0.422,83.7,5,1166.0,58,9,9.2,57.6,93.3,0,6.4,0.51,1,2.4545454545454546,1.19,68.55499999999999,20.103448275862068,75.45,7.1739999999999995,0.6,Elite,7.062191632286556,False,False,False,False,False,True,False,True,False,False
Austria,AUT,UEFA,18,1504.3,3,3,4,0.451,1.17,1.21,1,13.0,0.315,76.8,1,522.0,31,13,5.7,49.5,76.3,0,8.9,0.52,0,1.3,-0.040000000000000036,51.339999999999996,16.838709677419356,62.9,4.095,0.1,Strong,6.259581464064923,False,False,False,False,False,True,False,False,False,True
Italy,ITA,UEFA,12,1652.9,6,3,1,0.565,1.93,1.14,2,14.5,0.432,81.5,3,650.0,52,5,6.0,59.2,83.4,0,5.6,0.62,1,1.9,0.79,55.175,12.5,71.30000000000001,6.264,0.2,Strong,6.478509642208569,False,False,False,False,False,True,False,False,False,True
Italy,ITA,UEFA,13,1657.3,8,1,1,0.618,2.08,0.81,2,13.5,0.361,84.3,4,681.0,37,11,5.8,61.9,80.7,0,8.5,0.54,1,2.5,1.27,55.98499999999999,18.405405405405407,71.3,4.8735,0.2,Strong,6.525029657843462,False,False,False,False,False,True,False,False,False,True
Turkey,TUR,UEFA,39,1531.1,2,5,3,0.436,0.53,1.7,0,10.0,0.33,70.1,0,354.0,16,4,4.6,49.3,74.4,0,5.2,0.73,0,0.9,-1.17,44.99499999999999,22.125,61.85,3.3000000000000003,0.0,Developing,5.872117789475416,False,False,False,False,False,True,True,False,False,False
Ghana,GHA,CAF,41,1598.9,1,6,3,0.344,1.0,1.71,1,10.2,0.33,75.8,2,325.0,22,3,3.6,46.9,77.2,0,7.9,0.28,0,0.6,-0.71,42.56999999999999,14.772727272727273,62.05,3.366,0.1,Developing,5.786897381366708,False,True,False,False,False,False,True,False,False,False
Belgium,BEL,UEFA,17,1797.1,5,2,3,0.556,1.66,1.09,3,12.0,0.358,82.0,3,783.0,46,11,7.3,56.0,89.4,0,7.1,0.55,1,1.8,0.5699999999999998,59.81,17.02173913043478,72.7,4.295999999999999,0.3,Strong,6.664409020350408,False,False,False,False,False,True,False,False,False,True
Belgium,BEL,UEFA,6,1759.2,7,2,1,0.667,1.49,0.69,3,15.7,0.451,85.1,3,458.0,51,13,8.4,57.2,81.1,0,8.4,0.7,1,2.2,0.8,65.855,8.980392156862745,69.15,7.0807,0.3,Elite,6.129050210060545,False,False,False,False,False,True,False,True,False,False
Colombia,COL,CONMEBOL,15,1720.9,8,3,0,0.568,1.56,0.69,5,12.4,0.466,81.7,3,752.0,38,16,5.8,53.8,82.7,0,4.9,0.76,1,2.1818181818181817,0.8700000000000001,54.574999999999996,19.789473684210527,68.25,5.7784,0.5,Strong,6.6240652277998935,False,False,False,True,False,False,False,False,False,True
Colombia,COL,CONMEBOL,18,1798.3,8,2,0,0.681,2.1,0.62,3,16.3,0.429,85.0,4,658.0,43,15,3.2,56.7,85.9,0,6.9,0.69,1,2.4,1.48,47.76,15.30232558139535,71.30000000000001,6.9927,0.3,Strong,6.490723534502507,False,False,False,True,False,False,False,False,False,True
Belgium,BEL,UEFA,13,1774.9,8,2,0,0.659,1.67,1.05,2,15.9,0.409,83.3,4,600.0,46,20,8.0,57.1,82.0,0,6.4,0.59,1,2.4,0.6199999999999999,63.745000000000005,13.043478260869565,69.55,6.5031,0.2,Strong,6.398594934535208,False,False,False,False,False,True,False,False,False,True
England,ENG,UEFA,1,1862.3,9,1,0,0.658,2.05,0.81,4,17.4,0.48,85.8,3,949.0,62,8,7.9,59.8,85.5,0,6.0,0.47,1,2.7,1.2399999999999998,64.26,15.306451612903226,72.65,8.351999999999999,0.4,Elite,6.856461984594587,False,False,False,False,False,True,False,True,False,False
Mexico,MEX,CONCACAF,30,1524.8,6,5,0,0.504,1.27,1.2,2,10.8,0.315,74.3,2,323.0,43,11,4.1,50.7,80.8,1,2.3,0.86,1,1.6363636363636365,0.07000000000000006,45.394999999999996,7.511627906976744,65.75,3.402,0.2,Mid,5.780743515792329,False,False,True,False,False,False,False,False,True,False
Algeria,ALG,CAF,45,1451.4,4,4,2,0.322,0.91,1.63,1,8.6,0.335,73.8,1,351.0,22,7,3.0,43.6,77.1,0,8.2,0.42,1,1.4,-0.7199999999999999,39.55,15.954545454545455,60.349999999999994,2.8810000000000002,0.1,Developing,5.863631175598097,False,True,False,False,False,False,True,False,False,False
Austria,AUT,UEFA,17,1555.7,3,5,2,0.473,1.6,0.99,1,11.1,0.362,76.6,3,466.0,36,9,4.1,55.3,82.5,0,8.2,0.67,0,1.1,0.6100000000000001,45.88999999999999,12.944444444444445,68.9,4.018199999999999,0.1,Strong,6.1463292576688975,False,False,False,False,False,True,False,False,False,True
Peru,PER,CONMEBOL,49,1596.0,4,6,0,0.295,0.53,1.3,1,9.5,0.292,76.1,0,216.0,18,2,4.0,47.9,77.2,0,4.5,0.62,0,1.2,-0.77,43.585,12.0,62.55,2.774,0.1,Developing,5.37989735354046,False,False,False,True,False,False,True,False,False,False
Serbia,SRB,UEFA,23,1618.8,5,5,0,0.525,1.39,1.08,3,13.7,0.403,80.2,2,378.0,31,15,6.9,54.8,80.8,0,7.8,0.73,0,1.5,0.30999999999999983,57.47,12.193548387096774,67.8,5.5211,0.3,Mid,5.937536205082426,False,False,False,False,False,True,False,False,True,False
Belgium,BEL,UEFA,18,1698.3,6,1,3,0.662,1.66,0.89,3,16.7,0.419,83.2,3,655.0,40,7,6.8,56.1,88.3,0,8.1,0.51,0,2.1,0.7699999999999999,59.54,16.375,72.2,6.997299999999999,0.3,Strong,6.486160788944089,False,False,False,False,False,True,False,False,False,True
Morocco,MAR,CAF,26,1633.1,3,5,2,0.511,1.08,1.45,2,10.8,0.415,79.7,1,410.0,32,3,4.4,47.9,75.3,0,10.1,0.44,0,1.1,-0.3699999999999999,48.405,12.8125,61.599999999999994,4.482,0.2,Mid,6.018593214496234,False,True,False,False,False,False,False,False,True,False
Brazil,BRA,CONMEBOL,8,1903.9,9,2,0,0.688,1.97,0.51,4,16.8,0.549,84.6,3,1177.0,64,22,8.4,62.2,89.8,0,4.8,0.76,0,2.4545454545454546,1.46,65.89,18.390625,76.0,9.2232,0.4,Elite,7.071573364211532,False,False,False,True,False,False,False,True,False,False
Belgium,BEL,UEFA,8,1757.9,8,2,0,0.619,1.53,1.02,3,16.0,0.426,85.4,2,768.0,37,7,5.6,54.0,89.1,0,8.4,0.49,1,2.4,0.51,55.67999999999999,20.756756756756758,71.55,6.816,0.3,Elite,6.645090969505644,False,False,False,False,False,True,False,True,False,False
Mexico,MEX,CONCACAF,35,1681.0,5,4,1,0.481,1.62,1.07,1,9.6,0.312,79.3,3,386.0,34,10,5.1,45.2,80.0,1,2.2,0.78,0,1.6,0.55,50.415,11.352941176470589,62.6,2.9952,0.1,Mid,5.958424693029782,False,False,True,False,False,False,False,False,True,False
Senegal,SEN,CAF,25,1559.1,4,2,4,0.408,1.44,0.97,4,10.1,0.397,79.3,2,301.0,32,8,4.8,53.5,78.3,0,7.7,0.48,0,1.6,0.47,48.635,9.40625,65.9,4.0097000000000005,0.4,Mid,5.71042701737487,False,True,False,False,False,False,False,False,True,False
Sweden,SWE,UEFA,25,1548.3,6,2,2,0.533,1.27,1.3,1,13.9,0.377,75.9,2,518.0,28,8,6.5,54.0,83.4,0,7.6,0.63,1,2.0,-0.030000000000000027,54.644999999999996,18.5,68.7,5.2403,0.1,Mid,6.251903883165888,False,False,False,False,False,True,False,False,True,False
Switzerland,SUI,UEFA,33,1698.5,3,3,4,0.508,1.06,0.82,1,11.5,0.402,77.5,1,304.0,26,14,6.6,49.4,78.5,0,7.9,0.62,0,1.3,0.2400000000000001,55.30499999999999,11.692307692307692,63.95,4.623,0.1,Mid,5.720311776607412,False,False,False,False,False,True,False,False,True,False
USA,USA,CONCACAF,28,1708.5,3,4,3,0.442,1.62,1.23,2,11.3,0.309,80.8,3,312.0,38,8,6.4,52.7,79.4,1,2.3,0.8,1,1.2,0.3900000000000001,55.1,8.210526315789474,66.05000000000001,3.4917000000000002,0.2,Mid,5.746203190540153,False,False,True,False,False,False,False,False,True,False
Germany,DEU,UEFA,13,1735.0,7,2,1,0.653,2.1,0.79,3,16.3,0.365,81.4,4,779.0,55,14,7.0,57.0,87.4,0,5.8,0.48,1,2.2,1.31,59.519999999999996,14.163636363636364,72.2,5.9495000000000005,0.3,Strong,6.659293919683638,False,False,False,False,False,True,False,False,False,True
Switzerland,SUI,UEFA,30,1676.6,4,3,3,0.558,1.41,1.35,4,13.3,0.31,79.4,3,324.0,35,5,5.2,54.6,75.1,0,6.2,0.62,0,1.5,0.05999999999999983,51.56999999999999,9.257142857142858,64.85,4.123,0.4,Mid,5.783825182329737,False,False,False,False,False,True,False,False,True,False
Peru,PER,CONMEBOL,48,1516.0,3,6,1,0.382,0.8,1.21,2,8.7,0.238,73.7,2,324.0,17,1,3.1,40.1,73.0,0,4.2,0.7,1,1.0,-0.4099999999999999,40.464999999999996,19.058823529411764,56.55,2.0705999999999998,0.2,Developing,5.783825182329737,False,False,False,True,False,False,True,False,False,False
Saudi Arabia,KSA,AFC,44,1422.1,1,7,2,0.36,1.12,1.34,1,8.6,0.349,73.8,2,268.0,27,9,4.7,42.9,74.3,0,13.0,0.59,0,0.5,-0.21999999999999997,45.88,9.925925925925926,58.599999999999994,3.0014,0.1,Developing,5.594711379601839,True,False,False,False,False,False,True,False,False,False
Spain,ESP,UEFA,5,1933.2,9,1,0,0.793,1.97,0.46,6,14.1,0.49,86.9,4,862.0,59,11,9.7,58.7,88.5,0,5.3,0.65,0,2.7,1.51,72.295,14.610169491525424,73.6,6.909,0.6,Elite,6.760414691083428,False,False,False,False,False,True,False,True,False,False
Argentina,ARG,CONMEBOL,2,1930.4,6,0,4,0.813,2.75,0.96,6,15.7,0.525,85.2,3,1045.0,40,13,8.8,63.4,85.8,0,5.5,0.72,1,2.2,1.79,68.75,26.125,74.6,8.2425,0.6,Elite,6.952728644624869,False,False,False,True,False,False,False,True,False,False
Japan,JPN,AFC,26,1576.7,4,5,1,0.514,1.41,0.95,3,13.8,0.326,77.6,2,535.0,38,14,8.4,55.5,75.3,0,8.2,0.51,1,1.3,0.45999999999999996,61.7,14.078947368421053,65.4,4.4988,0.3,Mid,6.284134161070802,True,False,False,False,False,False,False,False,True,False
Poland,POL,UEFA,28,1637.2,5,5,0,0.528,1.19,0.95,4,10.6,0.373,80.6,3,335.0,37,14,6.9,46.9,82.3,0,8.9,0.5,0,1.5,0.24,57.64,9.054054054054054,64.6,3.9537999999999998,0.4,Mid,5.817111159963204,False,False,False,False,False,True,False,False,True,False
Italy,ITA,UEFA,13,1656.1,7,1,2,0.586,1.63,1.07,3,13.7,0.364,80.0,3,630.0,46,12,5.8,58.4,83.1,0,8.7,0.52,0,2.3,0.5599999999999998,54.16,13.695652173913043,70.75,4.9868,0.3,Strong,6.447305862541213,False,False,False,False,False,True,False,False,False,True
Costa Rica,CRC,CONCACAF,45,1517.4,3,7,0,0.346,0.7,1.86,2,7.7,0.307,76.2,0,348.0,32,1,2.4,40.6,73.8,0,1.3,0.88,0,0.9,-1.1600000000000001,38.53,10.875,57.2,2.3639,0.2,Developing,5.855071922202427,False,False,True,False,False,False,True,False,False,False
Cameroon,CMR,CAF,36,1402.8,1,5,4,0.401,0.64,1.61,1,9.8,0.312,73.1,1,333.0,31,6,4.5,43.8,73.4,0,8.0,0.37,1,0.7,-0.9700000000000001,45.34499999999999,10.741935483870968,58.6,3.0576000000000003,0.1,Developing,5.811140992976701,False,True,False,False,False,False,True,False,False,False
Austria,AUT,UEFA,20,1670.3,4,5,1,0.449,1.11,1.4,1,10.2,0.408,74.7,1,505.0,29,8,4.5,55.1,77.8,0,6.9,0.73,1,1.3,-0.2899999999999998,46.385,17.413793103448278,66.45,4.161599999999999,0.1,Strong,6.226536669287466,False,False,False,False,False,True,False,False,False,True
Germany,DEU,UEFA,8,1719.4,7,1,2,0.568,1.93,0.77,4,16.0,0.469,83.2,3,767.0,51,12,6.5,51.6,86.7,0,8.1,0.61,1,2.3,1.16,57.55,15.03921568627451,69.15,7.504,0.4,Elite,6.643789733147672,False,False,False,False,False,True,False,True,False,False
Spain,ESP,UEFA,8,1990.0,9,1,0,0.754,2.36,0.97,6,19.5,0.54,84.9,3,828.0,42,16,8.8,56.5,89.1,0,7.3,0.57,1,2.7,1.39,68.055,19.714285714285715,72.8,10.530000000000001,0.6,Elite,6.720220155135295,False,False,False,False,False,True,False,True,False,False
Brazil,BRA,CONMEBOL,4,1907.6,8,1,1,0.751,2.13,0.7,3,14.4,0.537,83.1,5,925.0,57,21,7.8,55.1,86.1,0,6.6,0.63,0,2.5,1.43,63.894999999999996,16.228070175438596,70.6,7.732800000000001,0.3,Elite,6.8308742346461795,False,False,False,True,False,False,False,True,False,False
Portugal,POR,UEFA,8,1783.8,7,1,2,0.683,1.57,1.03,4,16.6,0.415,85.8,2,796.0,48,6,6.2,57.8,81.5,0,6.9,0.46,1,2.3,0.54,58.559999999999995,16.583333333333332,69.65,6.889,0.4,Elite,6.680854678790215,False,False,False,False,False,True,False,True,False,False
Switzerland,SUI,UEFA,21,1657.1,3,5,2,0.433,1.24,1.19,2,9.9,0.315,75.0,3,503.0,29,8,5.3,53.0,81.2,0,6.6,0.68,0,1.1,0.050000000000000044,49.129999999999995,17.344827586206897,67.1,3.1185,0.2,Mid,6.222576268071369,False,False,False,False,False,True,False,False,True,False
Turkey,TUR,UEFA,48,1453.1,2,7,1,0.368,1.01,2.13,0,9.2,0.268,75.5,2,240.0,26,3,2.8,49.9,75.8,0,8.7,0.49,0,0.7,-1.1199999999999999,39.904999999999994,9.23076923076923,62.849999999999994,2.4656,0.0,Developing,5.484796933490655,False,False,False,False,False,True,True,False,False,False
France,FRA,UEFA,6,1946.2,8,2,0,0.815,2.07,0.51,5,17.2,0.477,83.8,2,905.0,43,24,9.7,55.5,85.5,0,5.4,0.65,1,2.4,1.5599999999999998,71.42999999999999,21.046511627906977,70.5,8.2044,0.5,Elite,6.80903930604298,False,False,False,False,False,True,False,True,False,False
Colombia,COL,CONMEBOL,8,1743.1,6,1,3,0.637,1.86,1.16,2,13.6,0.368,80.7,2,530.0,38,6,7.5,56.7,87.4,0,6.5,0.8,0,2.1,0.7000000000000002,60.864999999999995,13.947368421052632,72.05000000000001,5.0047999999999995,0.2,Elite,6.274762021241939,False,False,False,True,False,False,False,True,False,False
Poland,POL,UEFA,21,1693.1,5,5,0,0.492,1.26,1.05,4,12.6,0.404,77.3,3,398.0,44,5,5.4,50.9,81.6,0,6.6,0.72,1,1.5,0.20999999999999996,50.875,9.045454545454545,66.25,5.0904,0.4,Mid,5.988961416889864,False,False,False,False,False,True,False,False,True,False
Spain,ESP,UEFA,6,1814.2,9,2,0,0.796,2.61,0.92,4,16.5,0.524,87.8,3,1108.0,48,25,7.1,66.8,92.4,0,8.4,0.73,1,2.4545454545454546,1.69,63.54,23.083333333333332,79.6,8.646,0.4,Elite,7.011213987350367,False,False,False,False,False,True,False,True,False,False
Ecuador,ECU,CONMEBOL,12,1623.1,4,5,1,0.539,1.0,1.1,4,9.2,0.335,79.4,2,405.0,43,8,4.6,51.6,75.6,0,5.5,0.73,0,1.3,-0.10000000000000009,49.28,9.418604651162791,63.599999999999994,3.082,0.4,Strong,6.0063531596017325,False,False,False,True,False,False,False,False,False,True
Denmark,DEN,UEFA,33,1706.0,6,4,0,0.474,1.2,0.93,4,10.5,0.386,74.6,2,491.0,42,6,4.3,52.9,83.3,0,5.2,0.46,0,1.8,0.2699999999999999,45.9,11.69047619047619,68.1,4.053,0.4,Mid,6.198478716492308,False,False,False,False,False,True,False,False,True,False
Portugal,POR,UEFA,14,1813.8,8,2,0,0.704,1.48,0.96,2,12.7,0.384,85.6,4,813.0,50,20,7.1,50.2,86.4,0,5.9,0.62,0,2.4,0.52,61.849999999999994,16.26,68.30000000000001,4.8768,0.2,Strong,6.70196036600254,False,False,False,False,False,True,False,False,False,True
Sweden,SWE,UEFA,15,1681.1,3,4,3,0.58,1.67,1.07,2,11.4,0.381,80.1,1,453.0,36,15,4.2,54.2,75.9,0,6.7,0.49,0,1.2,0.5999999999999999,48.535,12.583333333333334,65.05000000000001,4.3434,0.2,Strong,6.118097198041348,False,False,False,False,False,True,False,False,False,True
Brazil,BRA,CONMEBOL,2,1835.3,9,2,0,0.795,2.6,0.88,5,17.5,0.486,86.4,4,700.0,60,20,8.8,57.3,88.4,0,6.3,0.76,0,2.4545454545454546,1.7200000000000002,68.99000000000001,11.666666666666666,72.85,8.504999999999999,0.5,Elite,6.55250788703459,False,False,False,True,False,False,False,True,False,False
Cameroon,CMR,CAF,29,1497.1,1,5,4,0.354,0.6,1.78,2,7.6,0.347,76.1,2,258.0,28,7,3.6,43.3,78.2,0,7.5,0.51,0,0.7,-1.1800000000000002,42.775,9.214285714285714,60.75,2.6371999999999995,0.2,Mid,5.556828061699537,False,True,False,False,False,False,False,False,True,False
Tunisia,TUN,CAF,31,1436.0,4,5,1,0.319,1.19,1.23,0,7.8,0.228,72.5,0,331.0,22,2,3.8,40.1,72.4,0,7.4,0.33,1,1.3,-0.040000000000000036,41.864999999999995,15.045454545454545,56.25,1.7784,0.0,Mid,5.805134968916488,False,True,False,False,False,False,False,False,True,False
Argentina,ARG,CONMEBOL,2,1787.5,9,0,1,0.829,2.45,0.8,3,17.0,0.546,87.3,3,1180.0,58,18,7.9,65.0,90.2,0,8.0,0.55,1,2.8,1.6500000000000001,66.495,20.344827586206897,77.6,9.282,0.3,Elite,7.074116816197362,False,False,False,True,False,False,False,True,False,False
Mexico,MEX,CONCACAF,18,1666.6,6,2,2,0.577,1.49,1.13,4,11.6,0.357,77.1,2,408.0,41,7,4.8,45.4,77.3,1,0.9,0.86,1,2.0,0.3600000000000001,49.55499999999999,9.951219512195122,61.349999999999994,4.1411999999999995,0.4,Strong,6.013715156042802,False,False,True,False,False,False,False,False,False,True
Spain,ESP,UEFA,7,1960.0,6,0,4,0.777,2.1,0.99,6,17.8,0.487,84.8,4,994.0,64,22,9.2,65.0,85.2,0,7.5,0.47,1,2.2,1.11,69.64999999999999,15.53125,75.1,8.6686,0.6,Elite,6.902742737158593,False,False,False,False,False,True,False,True,False,False
Ivory Coast,CIV,CAF,41,1593.1,3,5,2,0.38,0.69,1.37,2,9.1,0.357,72.4,1,287.0,29,4,4.7,46.8,74.6,0,9.2,0.34,0,1.1,-0.6800000000000002,45.589999999999996,9.89655172413793,60.699999999999996,3.2487,0.2,Developing,5.662960480135946,False,True,False,False,False,False,True,False,False,False
Japan,JPN,AFC,17,1701.5,3,5,2,0.404,1.17,1.42,4,9.1,0.403,75.0,2,504.0,30,11,3.7,55.9,81.2,0,10.8,0.31,1,1.1,-0.25,43.24,16.8,68.55,3.6673,0.4,Strong,6.22455842927536,True,False,False,False,False,False,False,False,False,True
France,FRA,UEFA,6,1981.3,6,0,4,0.664,2.69,0.93,3,19.1,0.472,84.2,3,840.0,59,15,8.6,58.3,89.3,0,5.5,0.59,1,2.2,1.7599999999999998,66.21,14.23728813559322,73.8,9.0152,0.3,Elite,6.734591659972948,False,False,False,False,False,True,False,True,False,False
Portugal,POR,UEFA,10,1814.8,7,1,2,0.609,1.8,0.87,3,12.1,0.38,82.3,3,524.0,55,19,7.8,55.1,87.3,0,7.7,0.59,0,2.3,0.93,62.19499999999999,9.527272727272727,71.2,4.598,0.3,Elite,6.263398262591624,False,False,False,False,False,True,False,True,False,False
Turkey,TUR,UEFA,31,1402.7,1,4,5,0.358,0.74,1.22,0,10.6,0.32,75.3,2,244.0,32,3,4.1,42.1,74.3,0,8.8,0.67,0,0.8,-0.48,44.285,7.625,58.2,3.392,0.0,Mid,5.501258210544727,False,False,False,False,False,True,False,False,True,False
USA,USA,CONCACAF,31,1714.7,4,4,2,0.579,1.62,1.48,1,12.1,0.338,77.8,2,337.0,34,5,4.7,54.6,81.3,1,1.7,0.87,0,1.4,0.14000000000000012,49.46999999999999,9.911764705882353,67.95,4.0898,0.1,Mid,5.823045895483019,False,False,True,False,False,False,False,False,True,False
Qatar,QAT,AFC,42,1494.8,2,7,1,0.221,0.78,1.62,0,7.4,0.296,70.0,1,257.0,20,9,5.4,41.6,79.8,0,8.1,0.54,0,0.7,-0.8400000000000001,45.61000000000001,12.85,60.7,2.1904,0.0,Developing,5.552959584921617,True,False,False,False,False,False,True,False,False,False
Austria,AUT,UEFA,13,1551.8,4,3,3,0.575,1.06,1.28,3,11.6,0.386,78.3,2,536.0,29,11,4.2,49.0,81.1,0,8.1,0.67,0,1.5,-0.21999999999999997,47.855,18.482758620689655,65.05,4.4776,0.3,Strong,6.285998094508865,False,False,False,False,False,True,False,False,False,True
Honduras,HON,CONCACAF,43,1481.9,3,6,1,0.387,1.03,2.19,0,6.8,0.354,74.7,2,294.0,20,6,3.7,49.8,73.6,0,0.6,0.91,1,1.0,-1.16,42.964999999999996,14.7,61.699999999999996,2.4072,0.0,Developing,5.68697535633982,False,False,True,False,False,False,True,False,False,False
Australia,AUS,AFC,17,1517.1,3,3,4,0.582,1.16,1.44,2,11.1,0.336,80.4,1,367.0,32,13,5.3,51.1,82.9,0,10.5,0.58,1,1.3,-0.28,52.51,11.46875,67.0,3.7296,0.2,Strong,5.908082938168931,True,False,False,False,False,False,False,False,False,True
Ivory Coast,CIV,CAF,40,1417.8,2,6,2,0.237,1.23,2.2,2,10.3,0.238,74.0,1,282.0,18,1,3.5,44.9,75.2,0,9.0,0.42,0,0.8,-0.9700000000000002,40.519999999999996,15.666666666666666,60.05,2.4514,0.2,Developing,5.645446897643238,False,True,False,False,False,False,True,False,False,False
Chile,CHI,CONMEBOL,30,1524.5,2,5,3,0.225,1.01,2.08,2,10.8,0.341,70.0,1,281.0,28,4,4.1,46.1,79.0,0,6.0,0.67,0,0.9,-1.07,41.099999999999994,10.035714285714286,62.55,3.6828000000000003,0.2,Mid,5.641907070938114,False,False,False,True,False,False,False,False,True,False
Serbia,SRB,UEFA,23,1510.9,5,5,0,0.451,1.6,1.43,3,13.1,0.317,76.2,3,516.0,33,7,5.9,51.0,82.5,0,7.0,0.64,1,1.5,0.17000000000000015,51.83,15.636363636363637,66.75,4.1527,0.3,Mid,6.248042874508429,False,False,False,False,False,True,False,False,True,False
Ghana,GHA,CAF,39,1521.7,3,6,1,0.443,0.62,1.47,1,6.2,0.245,76.1,2,341.0,27,1,3.0,49.4,77.0,0,7.3,0.38,1,1.0,-0.85,41.565,12.62962962962963,63.2,1.519,0.1,Developing,5.834810737062605,False,True,False,False,False,False,True,False,False,False
Japan,JPN,AFC,20,1564.4,3,5,2,0.568,1.07,1.39,4,13.4,0.42,78.7,1,522.0,38,10,4.9,50.5,78.4,0,12.2,0.57,1,1.1,-0.31999999999999984,50.375,13.736842105263158,64.45,5.628,0.4,Strong,6.259581464064923,True,False,False,False,False,False,False,False,False,True
Jamaica,JAM,CONCACAF,34,1478.9,4,5,1,0.212,0.5,1.8,2,10.2,0.346,75.7,1,249.0,20,9,2.6,44.2,70.2,0,0.5,0.83,0,1.3,-1.3,37.714999999999996,12.45,57.2,3.5291999999999994,0.2,Mid,5.521460917862246,False,False,True,False,False,False,False,False,True,False
Morocco,MAR,CAF,25,1677.3,5,3,2,0.492,1.64,1.03,3,11.4,0.343,74.3,2,326.0,35,7,4.1,54.3,84.4,0,9.5,0.35,1,1.7,0.6099999999999999,45.275,9.314285714285715,69.35,3.9102000000000006,0.3,Mid,5.7899601708972535,False,True,False,False,False,False,False,False,True,False
Peru,PER,CONMEBOL,42,1501.9,2,4,4,0.275,0.53,1.24,2,6.3,0.294,70.4,0,278.0,23,7,4.2,40.7,78.1,0,4.7,0.72,0,1.0,-0.71,42.09,12.08695652173913,59.4,1.8521999999999998,0.2,Developing,5.631211781821365,False,False,False,True,False,False,True,False,False,False
Cameroon,CMR,CAF,40,1541.2,4,6,0,0.448,0.57,1.33,1,9.8,0.302,70.5,0,356.0,20,5,6.8,48.5,73.0,0,10.2,0.35,0,1.2,-0.7600000000000001,52.955,17.8,60.75,2.9596,0.1,Developing,5.877735781779639,False,True,False,False,False,False,True,False,False,False
Switzerland,SUI,UEFA,23,1634.7,6,2,2,0.462,1.22,1.26,1,13.3,0.336,75.1,3,413.0,43,9,5.8,53.2,76.0,0,8.4,0.54,0,2.0,-0.040000000000000036,51.20499999999999,9.604651162790697,64.6,4.468800000000001,0.1,Mid,6.025865973825314,False,False,False,False,False,True,False,False,True,False
Netherlands,NED,UEFA,10,1756.3,6,2,2,0.628,1.55,0.73,5,16.5,0.477,85.3,3,779.0,35,16,8.5,55.7,85.3,0,6.3,0.47,1,2.0,0.8200000000000001,65.88499999999999,22.257142857142856,70.5,7.8705,0.5,Elite,6.659293919683638,False,False,False,False,False,True,False,True,False,False
Portugal,POR,UEFA,10,1751.4,5,3,2,0.593,2.09,1.02,5,12.9,0.438,79.4,2,534.0,43,18,6.5,53.9,84.2,0,8.9,0.46,0,1.7,1.0699999999999998,56.47,12.418604651162791,69.05,5.6502,0.5,Elite,6.282266746896006,False,False,False,False,False,True,False,True,False,False
Poland,POL,UEFA,16,1585.7,6,2,2,0.442,1.64,1.45,3,10.8,0.335,78.3,3,369.0,41,8,5.6,47.3,80.6,0,8.0,0.52,0,2.0,0.18999999999999995,51.425,9.0,63.949999999999996,3.6180000000000003,0.3,Strong,5.91350300563827,False,False,False,False,False,True,False,False,False,True
Tunisia,TUN,CAF,36,1586.4,3,4,3,0.266,0.96,2.09,0,10.7,0.25,70.5,0,285.0,32,5,3.4,43.6,78.9,0,9.0,0.43,0,1.2,-1.13,39.235,8.90625,61.25,2.675,0.0,Developing,5.655991810819852,False,True,False,False,False,False,True,False,False,False
South Korea,KOR,AFC,21,1660.7,4,3,3,0.518,1.1,0.8,4,9.3,0.35,75.5,0,315.0,41,6,4.7,53.2,82.1,0,11.4,0.63,1,1.5,0.30000000000000004,48.055,7.682926829268292,67.65,3.255,0.4,Mid,5.755742213586912,True,False,False,False,False,False,False,False,True,False
Poland,POL,UEFA,28,1596.7,4,3,3,0.445,1.59,1.02,4,12.6,0.308,80.7,2,493.0,45,7,2.8,45.4,76.3,0,5.5,0.46,1,1.5,0.5700000000000001,42.495,10.955555555555556,60.849999999999994,3.8808,0.4,Mid,6.202535517187923,False,False,False,False,False,True,False,False,True,False
Netherlands,NED,UEFA,7,1769.2,8,2,0,0.604,2.0,0.68,2,16.9,0.355,81.0,4,596.0,52,18,6.5,51.1,82.7,0,8.4,0.5,0,2.4,1.3199999999999998,57.13999999999999,11.461538461538462,66.9,5.999499999999999,0.2,Elite,6.391917113392602,False,False,False,False,False,True,False,True,False,False
France,FRA,UEFA,7,1860.1,6,1,3,0.772,2.16,0.53,5,14.9,0.474,85.8,5,1089.0,49,15,7.2,63.5,93.3,0,5.7,0.6,1,2.1,1.6300000000000001,62.949999999999996,22.224489795918366,78.4,7.0626,0.5,Elite,6.993932975223189,False,False,False,False,False,True,False,True,False,False
Belgium,BEL,UEFA,5,1766.4,5,1,4,0.635,1.44,0.71,2,14.0,0.442,80.6,4,554.0,51,5,8.2,61.4,90.0,0,7.0,0.68,0,1.9,0.73,63.26,10.862745098039216,75.7,6.188,0.2,Elite,6.318968113746434,False,False,False,False,False,True,False,True,False,False
Netherlands,NED,UEFA,17,1784.8,5,2,3,0.713,1.8,1.15,4,13.8,0.437,83.4,2,454.0,55,14,6.5,59.4,88.2,0,5.5,0.5,1,1.8,0.6500000000000001,59.07,8.254545454545454,73.8,6.030600000000001,0.4,Strong,6.12029741895095,False,False,False,False,False,True,False,False,False,True
Italy,ITA,UEFA,14,1723.9,8,3,0,0.651,1.93,0.64,4,13.9,0.451,83.2,2,578.0,37,7,8.0,58.5,88.9,0,7.8,0.51,1,2.1818181818181817,1.29,63.629999999999995,15.621621621621621,73.7,6.2689,0.4,Strong,6.361302477572996,False,False,False,False,False,True,False,False,False,True
South Korea,KOR,AFC,15,1523.5,3,5,2,0.501,1.02,1.45,1,9.5,0.416,75.4,3,359.0,45,4,5.5,55.6,83.9,0,11.9,0.47,1,1.1,-0.42999999999999994,50.65,7.977777777777778,69.75,3.952,0.1,Strong,5.886104031450156,True,False,False,False,False,False,False,False,False,True
England,ENG,UEFA,4,1809.1,8,1,1,0.838,1.85,0.7,3,19.1,0.416,86.1,3,978.0,56,11,9.4,62.9,88.4,0,5.4,0.6,1,2.5,1.1500000000000001,71.41499999999999,17.464285714285715,75.65,7.945600000000001,0.3,Elite,6.88653164253051,False,False,False,False,False,True,False,True,False,False
Portugal,POR,UEFA,17,1766.2,8,2,0,0.674,2.2,1.19,3,16.6,0.39,82.1,4,490.0,38,17,5.3,51.0,86.0,0,7.1,0.66,1,2.4,1.0100000000000002,54.025,12.894736842105264,68.5,6.474000000000001,0.3,Strong,6.19644412779452,False,False,False,False,False,True,False,False,False,True
Ecuador,ECU,CONMEBOL,28,1608.8,4,4,2,0.462,1.36,1.21,3,13.0,0.359,76.1,1,392.0,32,7,6.5,47.5,81.5,0,4.8,0.77,1,1.4,0.15000000000000013,54.004999999999995,12.25,64.5,4.667,0.3,Mid,5.973809611869261,False,False,False,True,False,False,False,False,True,False
Canada,CAN,CONCACAF,34,1416.3,4,5,1,0.379,0.98,1.52,0,8.1,0.235,76.5,0,304.0,33,4,5.0,43.7,77.8,1,1.6,0.75,1,1.3,-0.54,48.065,9.212121212121213,60.75,1.9034999999999997,0.0,Mid,5.720311776607412,False,False,True,False,False,False,False,False,True,False
France,FRA,UEFA,2,1980.6,7,2,1,0.662,2.73,0.53,5,16.1,0.439,86.8,3,1137.0,40,12,9.1,62.2,88.2,0,7.1,0.6,1,2.2,2.2,68.85,28.425,75.2,7.067900000000001,0.5,Elite,7.037027614686276,False,False,False,False,False,True,False,True,False,False
Colombia,COL,CONMEBOL,14,1814.3,6,3,1,0.574,1.71,0.85,2,15.3,0.446,82.1,3,804.0,38,16,7.6,53.0,85.6,0,5.2,0.65,1,1.9,0.86,61.074999999999996,21.157894736842106,69.3,6.8238,0.2,Strong,6.690842277418564,False,False,False,True,False,False,False,False,False,True
Morocco,MAR,CAF,17,1645.3,5,5,0,0.435,1.42,1.38,4,13.6,0.384,75.8,2,426.0,41,12,5.5,47.4,76.4,0,10.5,0.45,1,1.5,0.040000000000000036,50.13,10.390243902439025,61.900000000000006,5.2224,0.4,Strong,6.056784013228625,False,True,False,False,False,False,False,False,False,True
Colombia,COL,CONMEBOL,10,1822.8,7,3,0,0.696,1.82,0.72,5,14.0,0.474,83.9,4,716.0,51,16,7.6,50.4,84.7,0,4.4,0.73,1,2.1,1.1,62.925,14.03921568627451,67.55,6.635999999999999,0.5,Elite,6.57507584059962,False,False,False,True,False,False,False,True,False,False
Germany,DEU,UEFA,17,1820.1,6,2,2,0.715,2.11,0.76,2,15.6,0.398,84.0,2,605.0,49,20,6.0,50.3,86.5,0,8.2,0.75,0,2.0,1.3499999999999999,57.55,12.346938775510203,68.4,6.2088,0.2,Strong,6.406879986069314,False,False,False,False,False,True,False,False,False,True
Mexico,MEX,CONCACAF,16,1581.9,3,4,3,0.418,1.6,1.37,1,12.3,0.327,74.6,3,403.0,41,7,6.7,49.1,78.0,1,1.8,0.8,0,1.2,0.22999999999999998,53.739999999999995,9.829268292682928,63.55,4.0221,0.1,Strong,6.0014148779611505,False,False,True,False,False,False,False,False,False,True
Peru,PER,CONMEBOL,50,1488.0,1,7,2,0.34,0.86,1.85,0,9.7,0.323,73.3,2,285.0,33,8,4.5,48.3,79.9,0,5.1,0.77,0,0.5,-0.9900000000000001,44.805,8.636363636363637,64.1,3.1330999999999998,0.0,Developing,5.655991810819852,False,False,False,True,False,False,True,False,False,False
Australia,AUS,AFC,26,1590.2,5,4,1,0.458,1.46,1.25,2,13.3,0.414,77.0,1,495.0,40,15,5.3,53.2,78.7,0,11.8,0.31,0,1.6,0.20999999999999996,50.08,12.375,65.95,5.5062,0.2,Mid,6.206575926724928,True,False,False,False,False,False,False,False,True,False
Ecuador,ECU,CONMEBOL,33,1690.5,5,4,1,0.536,1.39,0.91,2,10.3,0.379,76.6,3,480.0,41,7,5.9,46.6,75.1,0,7.1,0.75,0,1.6,0.47999999999999987,52.81999999999999,11.707317073170731,60.849999999999994,3.9037,0.2,Mid,6.175867270105761,False,False,False,True,False,False,False,False,True,False
Wales,WAL,UEFA,46,1566.4,3,4,3,0.389,0.54,2.16,2,7.6,0.337,75.3,1,296.0,31,5,2.2,46.3,76.2,0,5.8,0.55,0,1.2,-1.62,37.945,9.548387096774194,61.25,2.5612,0.2,Developing,5.6937321388027,False,False,False,False,False,True,True,False,False,False
Tunisia,TUN,CAF,36,1406.2,3,6,1,0.358,0.96,1.58,2,6.5,0.313,72.0,0,334.0,26,4,4.2,41.3,78.4,0,8.3,0.4,0,1.0,-0.6200000000000001,43.48,12.846153846153847,59.85,2.0345,0.2,Developing,5.814130531825066,False,True,False,False,False,False,True,False,False,False
Uruguay,URU,CONMEBOL,18,1787.0,6,2,2,0.706,2.02,0.74,4,16.6,0.48,80.3,3,714.0,55,20,7.4,53.0,86.7,0,5.7,0.66,1,2.0,1.28,61.065,12.981818181818182,69.85,7.968,0.4,Strong,6.5722825426940075,False,False,False,True,False,False,False,False,False,True
Brazil,BRA,CONMEBOL,5,1965.2,7,0,3,0.738,2.6,0.77,7,17.8,0.428,86.6,5,931.0,61,25,9.0,55.3,90.9,0,5.4,0.72,0,2.4,1.83,69.19,15.262295081967213,73.1,7.6184,0.7,Elite,6.837332814685591,False,False,False,True,False,False,False,True,False,False
Croatia,CRO,UEFA,15,1715.0,6,2,2,0.715,2.19,0.95,4,13.6,0.474,79.2,4,808.0,39,18,6.3,53.6,84.4,0,7.9,0.72,1,2.0,1.24,56.919999999999995,20.71794871794872,69.0,6.4464,0.4,Strong,6.695798917058491,False,False,False,False,False,True,False,False,False,True
Cameroon,CMR,CAF,43,1512.7,4,6,0,0.417,0.85,1.24,2,9.8,0.23,71.0,1,374.0,20,8,2.8,40.5,70.5,0,9.5,0.32,0,1.2,-0.39,38.82,18.7,55.5,2.2540000000000004,0.2,Developing,5.926926025970411,False,True,False,False,False,False,True,False,False,False
Wales,WAL,UEFA,45,1408.5,4,6,0,0.409,0.75,1.61,1,8.2,0.248,73.8,1,316.0,28,4,3.0,49.5,74.7,0,8.2,0.67,0,1.2,-0.8600000000000001,40.42,11.285714285714286,62.1,2.0336,0.1,Developing,5.75890177387728,False,False,False,False,False,True,True,False,False,False
Ivory Coast,CIV,CAF,47,1491.0,1,6,3,0.393,1.19,1.21,0,6.1,0.319,74.4,2,221.0,28,6,4.9,41.4,77.3,0,7.7,0.42,0,0.6,-0.020000000000000018,47.12,7.892857142857143,59.349999999999994,1.9459,0.0,Developing,5.402677381872279,False,True,False,False,False,False,True,False,False,False
Mexico,MEX,CONCACAF,27,1587.7,6,5,0,0.544,1.56,1.15,3,13.7,0.317,75.2,2,467.0,34,3,6.9,49.4,75.2,1,0.8,0.9,1,1.6363636363636365,0.41000000000000014,55.91,13.735294117647058,62.3,4.3429,0.3,Mid,6.148468295917647,False,False,True,False,False,False,False,False,True,False
Cameroon,CMR,CAF,38,1474.4,3,6,1,0.222,0.95,1.45,0,10.6,0.351,71.7,1,278.0,26,4,3.6,47.4,72.3,0,7.8,0.38,0,1.0,-0.5,39.915,10.692307692307692,59.849999999999994,3.7205999999999997,0.0,Developing,5.631211781821365,False,True,False,False,False,False,True,False,False,False
Morocco,MAR,CAF,32,1576.9,3,5,2,0.564,1.69,1.08,3,12.1,0.337,80.9,2,486.0,44,9,6.3,52.6,80.5,0,7.6,0.39,1,1.1,0.6099999999999999,56.005,11.045454545454545,66.55,4.0777,0.3,Mid,6.18826412308259,False,True,False,False,False,False,False,False,True,False
Serbia,SRB,UEFA,20,1611.3,6,3,1,0.558,1.07,1.38,1,11.1,0.337,80.5,3,428.0,36,7,4.8,53.4,79.5,0,7.8,0.47,0,1.9,-0.30999999999999983,50.55499999999999,11.88888888888889,66.45,3.7407,0.1,Strong,6.061456918928017,False,False,False,False,False,True,False,False,False,True
Germany,DEU,UEFA,17,1735.6,8,1,1,0.572,2.17,0.98,5,14.5,0.471,85.2,2,490.0,53,9,8.4,55.3,88.3,0,8.6,0.57,1,2.5,1.19,64.94,9.245283018867925,71.8,6.8294999999999995,0.5,Strong,6.19644412779452,False,False,False,False,False,True,False,False,False,True
Germany,DEU,UEFA,12,1766.7,8,2,0,0.645,1.51,0.93,5,15.1,0.394,83.7,2,723.0,47,11,7.4,60.2,88.3,0,5.6,0.7,1,2.4,0.58,61.645,15.382978723404255,74.25,5.9494,0.5,Strong,6.584791392385716,False,False,False,False,False,True,False,False,False,True
Mexico,MEX,CONCACAF,28,1659.7,4,2,4,0.423,1.29,0.98,1,11.9,0.32,76.8,3,370.0,37,6,5.4,55.3,79.2,1,2.5,0.84,0,1.6,0.31000000000000005,50.01,10.0,67.25,3.8080000000000003,0.1,Mid,5.916202062607435,False,False,True,False,False,False,False,False,True,False
Brazil,BRA,CONMEBOL,1,1999.5,9,2,0,0.759,2.64,0.93,3,16.9,0.475,87.3,5,999.0,45,21,7.2,59.9,92.1,0,7.4,0.72,1,2.4545454545454546,1.71,63.345,22.2,76.0,8.027499999999998,0.3,Elite,6.907755278982137,False,False,False,True,False,False,False,True,False,False
Italy,ITA,UEFA,14,1710.6,7,3,0,0.584,1.48,0.67,2,12.6,0.401,85.0,3,669.0,38,11,7.9,55.8,84.2,0,7.0,0.73,0,2.1,0.8099999999999999,63.239999999999995,17.605263157894736,70.0,5.0526,0.2,Strong,6.507277712385012,False,False,False,False,False,True,False,False,False,True
Austria,AUT,UEFA,25,1667.4,3,4,3,0.572,1.58,0.89,3,10.7,0.34,74.9,3,380.0,28,13,4.8,45.0,76.0,0,8.0,0.53,1,1.2,0.6900000000000001,48.735,13.571428571428571,60.5,3.638,0.3,Mid,5.942799375126701,False,False,False,False,False,True,False,False,True,False
Colombia,COL,CONMEBOL,7,1812.8,6,1,3,0.706,1.94,1.09,5,14.5,0.353,81.5,2,706.0,49,19,6.7,50.5,86.8,0,5.9,0.77,1,2.1,0.8499999999999999,59.035,14.408163265306122,68.65,5.1185,0.5,Elite,6.561030665896573,False,False,False,True,False,False,False,True,False,False
Spain,ESP,UEFA,1,1934.2,7,2,1,0.727,2.64,0.97,4,18.2,0.534,84.7,4,784.0,42,10,9.7,58.1,94.7,0,5.1,0.69,1,2.2,1.6700000000000002,70.865,18.666666666666668,76.4,9.7188,0.4,Elite,6.665683717782408,False,False,False,False,False,True,False,True,False,False
Switzerland,SUI,UEFA,19,1680.2,3,5,2,0.41,1.08,0.85,3,10.4,0.356,77.2,2,334.0,40,9,4.4,52.7,83.6,0,7.8,0.68,0,1.1,0.2300000000000001,46.52,8.35,68.15,3.7024,0.3,Strong,5.814130531825066,False,False,False,False,False,True,False,False,False,True
England,ENG,UEFA,6,1839.3,8,2,0,0.755,2.48,0.57,3,16.2,0.487,83.5,4,1081.0,60,25,7.2,57.2,93.1,0,6.5,0.61,1,2.4,1.9100000000000001,61.974999999999994,18.016666666666666,75.15,7.889399999999999,0.3,Elite,6.9865664594064265,False,False,False,False,False,True,False,True,False,False
Poland,POL,UEFA,17,1626.3,6,2,2,0.415,1.02,1.42,3,10.2,0.409,74.3,2,302.0,41,5,5.6,47.4,77.4,0,7.0,0.53,1,2.0,-0.3999999999999999,49.754999999999995,7.365853658536586,62.400000000000006,4.171799999999999,0.3,Strong,5.713732805509369,False,False,False,False,False,True,False,False,False,True
Brazil,BRA,CONMEBOL,4,1941.5,6,0,4,0.827,1.84,0.5,5,19.6,0.535,83.6,5,948.0,61,17,8.0,56.9,94.5,0,8.0,0.64,1,2.2,1.34,65.52999999999999,15.540983606557377,75.7,10.486,0.5,Elite,6.855408798609928,False,False,False,True,False,False,False,True,False,False
Colombia,COL,CONMEBOL,18,1751.0,7,1,2,0.618,1.46,1.02,2,15.8,0.371,84.3,4,474.0,54,6,8.4,52.3,85.6,0,5.1,0.58,0,2.3,0.43999999999999995,65.08500000000001,8.777777777777779,68.94999999999999,5.861800000000001,0.2,Strong,6.163314804034641,False,False,False,True,False,False,False,False,False,True
Senegal,SEN,CAF,24,1637.2,3,2,5,0.586,1.32,1.34,1,10.5,0.418,79.7,1,299.0,39,4,4.2,54.8,75.4,0,8.7,0.48,0,1.4,-0.020000000000000018,48.455,7.666666666666667,65.1,4.389,0.1,Mid,5.703782474656201,False,True,False,False,False,False,False,False,True,False
Brazil,BRA,CONMEBOL,6,1964.6,7,1,2,0.753,1.87,0.89,5,15.5,0.465,86.1,2,1053.0,54,24,8.5,65.4,86.5,0,4.1,0.77,1,2.3,0.9800000000000001,67.41499999999999,19.5,75.95,7.2075000000000005,0.5,Elite,6.960347729101308,False,False,False,True,False,False,False,True,False,False
Sweden,SWE,UEFA,28,1657.3,6,5,0,0.419,1.51,1.32,4,11.1,0.377,79.7,1,451.0,43,9,5.8,49.9,75.7,0,7.7,0.75,1,1.6363636363636365,0.18999999999999995,52.385,10.488372093023257,62.8,4.1847,0.4,Mid,6.113682179832232,False,False,False,False,False,True,False,False,True,False
England,ENG,UEFA,6,1998.5,9,1,0,0.755,1.96,0.83,5,14.6,0.545,89.6,5,917.0,59,15,9.4,57.9,92.7,0,7.3,0.48,1,2.7,1.13,71.80999999999999,15.542372881355933,75.3,7.957000000000001,0.5,Elite,6.822197390620491,False,False,False,False,False,True,False,True,False,False
Switzerland,SUI,UEFA,25,1536.2,5,4,1,0.557,1.32,1.5,2,11.7,0.312,75.2,0,503.0,37,11,4.3,51.8,79.3,0,7.1,0.56,0,1.6,-0.17999999999999994,46.94,13.594594594594595,65.55,3.6504,0.2,Mid,6.222576268071369,False,False,False,False,False,True,False,False,True,False
France,FRA,UEFA,8,1843.3,9,2,0,0.802,2.36,0.47,6,18.8,0.441,87.4,3,707.0,52,8,9.4,56.7,85.2,0,7.5,0.64,1,2.4545454545454546,1.89,71.50999999999999,13.596153846153847,70.95,8.2908,0.6,Elite,6.56244409369372,False,False,False,False,False,True,False,True,False,False
Uruguay,URU,CONMEBOL,16,1677.8,5,3,2,0.574,1.5,1.02,5,12.8,0.35,84.0,4,833.0,54,8,6.8,57.7,83.5,0,5.8,0.57,1,1.7,0.48,58.940000000000005,15.425925925925926,70.6,4.4799999999999995,0.5,Strong,6.726233402358747,False,False,False,True,False,False,False,False,False,True
Germany,DEU,UEFA,8,1811.2,8,3,0,0.668,1.93,0.92,2,14.1,0.441,84.3,3,541.0,48,16,8.5,58.7,86.2,0,5.5,0.48,1,2.1818181818181817,1.0099999999999998,65.935,11.270833333333334,72.45,6.2181,0.2,Elite,6.295266001439646,False,False,False,False,False,True,False,True,False,False
Italy,ITA,UEFA,18,1826.3,6,1,3,0.627,1.66,1.11,4,13.2,0.44,83.0,4,626.0,50,9,7.9,55.0,84.8,0,5.4,0.49,0,2.1,0.5499999999999998,62.97,12.52,69.9,5.808,0.4,Strong,6.440946540632921,False,False,False,False,False,True,False,False,False,True
Tunisia,TUN,CAF,34,1434.7,3,4,3,0.337,1.08,2.19,0,6.1,0.236,75.9,2,352.0,19,10,5.3,45.1,79.7,0,10.4,0.34,1,1.2,-1.1099999999999999,48.485,18.526315789473685,62.400000000000006,1.4395999999999998,0.0,Mid,5.8664680569332965,False,True,False,False,False,False,False,False,True,False
Uruguay,URU,CONMEBOL,5,1729.9,5,1,4,0.605,1.71,0.97,4,14.2,0.402,79.2,2,773.0,42,19,7.1,51.3,85.9,0,5.1,0.59,1,1.9,0.74,58.61999999999999,18.404761904761905,68.6,5.7084,0.4,Elite,6.651571873589727,False,False,False,True,False,False,False,True,False,False
Cameroon,CMR,CAF,42,1592.0,1,5,4,0.208,1.27,2.19,1,10.7,0.264,74.6,2,322.0,15,10,3.9,49.3,78.7,0,8.8,0.54,1,0.7,-0.9199999999999999,41.839999999999996,21.466666666666665,64.0,2.8247999999999998,0.1,Developing,5.777652323222656,False,True,False,False,False,False,True,False,False,False
Jamaica,JAM,CONCACAF,38,1582.0,2,5,3,0.3,0.96,2.05,0,7.5,0.291,74.7,1,302.0,25,6,3.1,45.0,77.6,0,1.9,0.92,0,0.9,-1.0899999999999999,39.995,12.08,61.3,2.1824999999999997,0.0,Developing,5.713732805509369,False,False,True,False,False,False,True,False,False,False
Portugal,POR,UEFA,11,1687.2,6,1,3,0.694,1.76,1.04,5,15.7,0.479,83.8,3,514.0,49,12,6.5,57.8,87.5,0,7.0,0.69,0,2.1,0.72,59.019999999999996,10.489795918367347,72.65,7.5203,0.5,Strong,6.244166900663736,False,False,False,False,False,True,False,False,False,True
Argentina,ARG,CONMEBOL,2,1807.6,8,2,0,0.736,2.13,0.99,3,19.8,0.41,85.9,5,1179.0,42,19,9.2,63.6,91.7,0,4.1,0.7,1,2.4,1.14,69.625,28.071428571428573,77.65,8.118,0.3,Elite,7.07326971745971,False,False,False,True,False,False,False,True,False,False
Brazil,BRA,CONMEBOL,3,1843.6,8,0,2,0.738,2.05,0.85,5,14.8,0.527,87.3,5,873.0,50,17,9.7,55.6,86.2,0,4.1,0.58,1,2.6,1.1999999999999997,71.88499999999999,17.46,70.9,7.799600000000001,0.5,Elite,6.773080375655535,False,False,False,True,False,False,False,True,False,False
South Korea,KOR,AFC,21,1540.9,6,3,1,0.586,1.49,1.43,2,9.4,0.357,79.6,2,501.0,44,8,4.9,54.1,78.3,0,11.1,0.38,1,1.9,0.06000000000000005,50.87,11.386363636363637,66.2,3.3558,0.2,Mid,6.218600119691729,True,False,False,False,False,False,False,False,True,False
Honduras,HON,CONCACAF,29,1526.3,1,5,4,0.228,0.59,1.55,1,6.2,0.333,74.3,0,308.0,24,2,4.7,42.1,71.6,0,2.9,0.89,1,0.7,-0.9600000000000001,44.735,12.833333333333334,56.849999999999994,2.0646,0.1,Mid,5.733341276897746,False,False,True,False,False,False,False,False,True,False
Croatia,CRO,UEFA,10,1757.3,5,3,2,0.563,1.71,0.69,3,14.0,0.473,80.7,3,588.0,47,20,10.0,59.0,83.6,0,6.5,0.71,0,1.7,1.02,68.875,12.51063829787234,71.3,6.622,0.3,Elite,6.3784261836515865,False,False,False,False,False,True,False,True,False,False
Sweden,SWE,UEFA,30,1586.2,5,4,1,0.421,1.19,1.42,3,12.0,0.352,79.8,1,461.0,25,9,5.5,49.8,77.3,0,8.8,0.63,1,1.6,-0.22999999999999998,51.38999999999999,18.44,63.55,4.224,0.3,Mid,6.135564891081739,False,False,False,False,False,True,False,False,True,False
Iran,IRN,AFC,38,1463.1,1,4,5,0.365,1.28,2.07,2,10.5,0.301,72.5,0,311.0,17,3,5.4,46.4,74.9,0,12.1,0.34,1,0.8,-0.7899999999999998,47.925000000000004,18.294117647058822,60.650000000000006,3.1605,0.2,Developing,5.7430031878094825,True,False,False,False,False,False,True,False,False,False
Sweden,SWE,UEFA,29,1522.1,6,4,0,0.497,1.23,0.86,1,13.3,0.343,75.6,3,283.0,35,14,5.8,51.8,82.6,0,5.2,0.73,0,1.8,0.37,51.73,8.085714285714285,67.19999999999999,4.5619000000000005,0.1,Mid,5.648974238161206,False,False,False,False,False,True,False,False,True,False
Cameroon,CMR,CAF,46,1594.0,1,6,3,0.253,0.8,1.21,0,9.0,0.264,73.9,2,254.0,26,1,3.4,47.6,77.8,0,8.5,0.26,1,0.6,-0.4099999999999999,40.295,9.76923076923077,62.7,2.3760000000000003,0.0,Developing,5.541263545158426,False,True,False,False,False,False,True,False,False,False
Ivory Coast,CIV,CAF,49,1433.5,1,4,5,0.377,0.76,1.59,0,10.1,0.307,76.6,2,239.0,17,4,4.3,49.9,76.0,0,10.1,0.35,0,0.8,-0.8300000000000001,45.629999999999995,14.058823529411764,62.95,3.1007,0.0,Developing,5.480638923341991,False,True,False,False,False,False,True,False,False,False
Spain,ESP,UEFA,2,1836.4,7,2,1,0.749,2.23,0.97,7,19.7,0.488,85.4,5,934.0,51,9,9.7,59.3,91.7,0,5.1,0.7,1,2.2,1.26,71.33,18.313725490196077,75.5,9.6136,0.7,Elite,6.840546529288687,False,False,False,False,False,True,False,True,False,False
Brazil,BRA,CONMEBOL,8,1827.4,8,2,0,0.742,2.71,0.94,7,14.8,0.488,84.4,4,989.0,62,25,9.0,55.6,86.3,0,4.4,0.59,1,2.4,1.77,68.46,15.951612903225806,70.95,7.2224,0.7,Elite,6.897704943128636,False,False,False,True,False,False,False,True,False,False
England,ENG,UEFA,5,1925.1,6,2,2,0.839,2.66,0.44,3,14.9,0.518,83.4,3,1158.0,50,8,7.7,62.1,90.0,0,6.6,0.59,1,2.0,2.22,64.53,23.16,76.05,7.7182,0.3,Elite,7.055312843339752,False,False,False,False,False,True,False,True,False,False
England,ENG,UEFA,3,1854.2,9,2,0,0.772,1.95,0.9,3,16.5,0.515,89.7,3,898.0,60,11,7.9,66.9,85.6,0,7.9,0.61,1,2.4545454545454546,1.0499999999999998,66.765,14.966666666666667,76.25,8.4975,0.3,Elite,6.80128303447162,False,False,False,False,False,True,False,True,False,False
Austria,AUT,UEFA,35,1599.4,6,2,2,0.49,1.67,0.98,2,13.8,0.314,79.2,1,498.0,36,10,4.5,50.9,82.4,0,7.1,0.57,1,2.0,0.69,48.37,13.833333333333334,66.65,4.333200000000001,0.2,Mid,6.212606095751519,False,False,False,False,False,True,False,False,True,False
Senegal,SEN,CAF,30,1626.8,5,4,1,0.596,1.46,1.42,4,11.0,0.348,75.2,3,506.0,25,3,6.1,51.0,84.4,0,9.7,0.33,0,1.6,0.040000000000000036,53.63,20.24,67.7,3.828,0.4,Mid,6.2285110035911835,False,True,False,False,False,False,False,False,True,False
Germany,DEU,UEFA,12,1827.5,6,1,3,0.646,1.6,1.17,4,13.9,0.477,81.1,2,783.0,38,11,6.0,57.4,85.8,0,8.3,0.46,0,2.1,0.43000000000000016,55.84499999999999,20.605263157894736,71.6,6.6303,0.4,Strong,6.664409020350408,False,False,False,False,False,True,False,False,False,True
Ecuador,ECU,CONMEBOL,17,1503.4,3,3,4,0.512,1.25,0.86,2,11.1,0.335,75.2,1,489.0,27,8,5.3,51.5,78.3,0,7.0,0.66,0,1.3,0.39,49.99,18.11111111111111,64.9,3.7185,0.2,Strong,6.194405391104672,False,False,False,True,False,False,False,False,False,True
Tunisia,TUN,CAF,28,1442.5,3,5,2,0.314,1.14,1.59,1,7.1,0.229,75.2,1,271.0,17,10,5.8,47.9,72.1,0,8.3,0.29,0,1.1,-0.4500000000000002,49.760000000000005,15.941176470588236,60.0,1.6259,0.1,Mid,5.605802066295998,False,True,False,False,False,False,False,False,True,False
Spain,ESP,UEFA,4,1892.6,8,2,0,0.653,1.99,0.79,5,19.7,0.43,89.0,5,1195.0,64,14,10.0,65.2,93.7,0,7.5,0.72,0,2.4,1.2,72.68,18.671875,79.45,8.471,0.5,Elite,7.086737934510577,False,False,False,False,False,True,False,True,False,False
Serbia,SRB,UEFA,23,1502.8,4,2,4,0.447,1.23,1.47,1,9.3,0.338,75.0,1,308.0,32,15,4.8,46.0,79.3,0,8.8,0.52,0,1.6,-0.24,47.519999999999996,9.625,62.65,3.1434000000000006,0.1,Mid,5.733341276897746,False,False,False,False,False,True,False,False,True,False
Cameroon,CMR,CAF,40,1528.6,4,6,0,0.304,0.92,1.31,2,7.5,0.309,74.1,0,359.0,33,2,3.3,44.1,77.8,0,9.7,0.52,0,1.2,-0.39,40.52499999999999,10.878787878787879,60.95,2.3175,0.2,Developing,5.886104031450156,False,True,False,False,False,False,True,False,False,False
Argentina,ARG,CONMEBOL,8,1804.1,8,2,0,0.719,1.83,0.72,5,14.6,0.424,83.6,5,1078.0,59,10,7.2,63.2,90.3,0,6.7,0.61,1,2.4,1.11,61.64999999999999,18.271186440677965,76.75,6.1903999999999995,0.5,Elite,6.983789965258135,False,False,False,True,False,False,False,True,False,False
Costa Rica,CRC,CONCACAF,45,1415.1,1,6,3,0.318,1.12,2.0,0,7.4,0.287,73.3,1,269.0,33,1,4.1,49.4,71.5,0,0.9,0.73,0,0.6,-0.8799999999999999,43.184999999999995,8.151515151515152,60.45,2.1238,0.0,Developing,5.598421958998375,False,False,True,False,False,False,True,False,False,False
New Zealand,NZL,OFC,48,1431.1,1,7,2,0.361,0.95,1.92,1,6.5,0.226,73.4,0,304.0,20,3,3.7,40.3,75.4,0,13.6,0.4,0,0.5,-0.97,42.25,15.2,57.85,1.469,0.1,Developing,5.720311776607412,False,False,False,False,True,False,True,False,False,False
Argentina,ARG,CONMEBOL,1,1904.9,7,1,2,0.66,2.04,0.81,4,15.2,0.504,89.4,3,724.0,60,8,9.8,66.0,94.2,0,6.0,0.61,1,2.3,1.23,72.19,12.066666666666666,80.1,7.6608,0.4,Elite,6.586171654854675,False,False,False,True,False,False,False,True,False,False
Brazil,BRA,CONMEBOL,6,1856.2,6,2,2,0.682,2.28,0.53,4,14.6,0.487,83.4,4,1030.0,42,13,7.5,66.5,87.2,0,4.5,0.66,1,2.0,1.7499999999999998,62.26,24.523809523809526,76.85,7.1102,0.4,Elite,6.93828448401696,False,False,False,True,False,False,False,True,False,False
Italy,ITA,UEFA,10,1765.1,6,3,1,0.586,1.97,0.74,3,14.6,0.456,84.1,2,550.0,47,8,6.7,53.4,81.1,0,8.0,0.46,1,1.9,1.23,58.74499999999999,11.702127659574469,67.25,6.6576,0.3,Elite,6.311734809152915,False,False,False,False,False,True,False,True,False,False
Austria,AUT,UEFA,25,1589.5,5,3,2,0.532,1.39,0.89,1,12.9,0.307,77.7,2,501.0,33,7,6.7,55.0,84.3,0,8.2,0.7,1,1.7,0.4999999999999999,55.964999999999996,15.181818181818182,69.65,3.9603,0.1,Mid,6.218600119691729,False,False,False,False,False,True,False,False,True,False
Ivory Coast,CIV,CAF,30,1511.9,3,5,2,0.265,0.87,1.43,0,10.6,0.325,74.7,1,301.0,15,10,3.3,45.5,70.9,0,8.3,0.26,0,1.1,-0.5599999999999999,40.345,20.066666666666666,58.2,3.445,0.0,Mid,5.71042701737487,False,True,False,False,False,False,False,False,True,False
Colombia,COL,CONMEBOL,8,1800.7,8,2,0,0.663,1.81,0.82,5,15.1,0.405,83.3,4,701.0,35,11,6.4,54.3,86.1,0,4.7,0.64,1,2.4,0.9900000000000001,58.185,20.02857142857143,70.19999999999999,6.1155,0.5,Elite,6.553933404025811,False,False,False,True,False,False,False,True,False,False
Canada,CAN,CONCACAF,32,1522.8,3,4,3,0.37,1.22,1.34,0,8.7,0.332,70.3,1,277.0,32,2,3.0,41.7,79.6,1,1.5,0.94,0,1.2,-0.1200000000000001,38.805,8.65625,60.65,2.8884,0.0,Mid,5.627621113690637,False,False,True,False,False,False,False,False,True,False
France,FRA,UEFA,8,1884.1,7,0,3,0.813,2.62,0.54,5,16.9,0.489,85.0,4,750.0,43,24,8.5,67.9,94.8,0,6.5,0.51,1,2.4,2.08,67.63,17.441860465116278,81.35,8.2641,0.5,Elite,6.621405651764134,False,False,False,False,False,True,False,True,False,False
Ecuador,ECU,CONMEBOL,25,1634.5,3,4,3,0.464,1.1,1.36,4,9.6,0.342,75.2,2,438.0,36,6,6.0,55.1,76.9,0,5.1,0.76,1,1.2,-0.26,51.96,12.166666666666666,66.0,3.2832000000000003,0.4,Mid,6.0844994130751715,False,False,False,True,False,False,False,False,True,False
Poland,POL,UEFA,12,1533.8,5,3,2,0.503,1.16,1.09,4,9.6,0.342,76.4,2,490.0,35,13,6.0,54.4,84.7,0,8.1,0.49,0,1.7,0.06999999999999984,52.77,14.0,69.55,3.2832000000000003,0.4,Strong,6.19644412779452,False,False,False,False,False,True,False,False,False,True
Argentina,ARG,CONMEBOL,5,1908.7,8,2,0,0.662,2.36,0.5,6,19.8,0.465,87.4,3,973.0,57,23,9.3,65.4,89.9,0,4.5,0.57,1,2.4,1.8599999999999999,69.76,17.07017543859649,77.65,9.207,0.6,Elite,6.881411303642535,False,False,False,True,False,False,False,True,False,False
Iran,IRN,AFC,33,1497.4,3,5,2,0.323,1.2,2.09,1,7.7,0.248,76.0,1,353.0,26,7,4.1,45.7,77.9,0,13.3,0.49,1,1.1,-0.8899999999999999,44.17999999999999,13.576923076923077,61.800000000000004,1.9096,0.1,Mid,5.869296913133774,True,False,False,False,False,False,False,False,True,False
Turkey,TUR,UEFA,30,1567.8,3,6,1,0.214,0.91,2.07,1,9.6,0.349,71.7,1,279.0,34,4,4.8,44.5,75.3,0,6.4,0.65,0,1.0,-1.1599999999999997,44.035,8.205882352941176,59.9,3.3503999999999996,0.1,Mid,5.634789603169249,False,False,False,False,False,True,False,False,True,False
Australia,AUS,AFC,17,1545.4,6,2,2,0.506,1.15,1.42,3,12.0,0.304,74.8,1,376.0,39,10,6.2,51.3,79.5,0,13.9,0.32,1,2.0,-0.27,52.94,9.64102564102564,65.4,3.6479999999999997,0.3,Strong,5.932245187448011,True,False,False,False,False,False,False,False,False,True
Argentina,ARG,CONMEBOL,7,1873.7,8,1,1,0.827,2.75,0.47,7,18.9,0.448,89.9,4,780.0,60,11,7.5,64.5,90.1,0,4.4,0.78,0,2.5,2.2800000000000002,65.985,13.0,77.3,8.4672,0.7,Elite,6.660575149839686,False,False,False,True,False,False,False,True,False,False
China,CHN,AFC,49,1415.0,3,4,3,0.434,0.62,1.23,0,8.4,0.3,74.3,2,371.0,24,8,2.0,46.9,79.7,0,9.0,0.36,0,1.2,-0.61,37.345,15.458333333333334,63.3,2.52,0.0,Developing,5.918893854273146,True,False,False,False,False,False,True,False,False,False
Iran,IRN,AFC,40,1407.2,1,4,5,0.412,0.93,1.61,0,8.9,0.341,76.7,1,314.0,25,6,3.5,42.6,71.1,0,12.1,0.39,0,0.8,-0.68,43.214999999999996,12.56,56.849999999999994,3.0349000000000004,0.0,Developing,5.752572638825633,True,False,False,False,False,False,True,False,False,False
Croatia,CRO,UEFA,9,1729.9,8,3,0,0.643,1.83,1.19,3,16.2,0.405,83.5,4,784.0,40,14,7.5,51.8,85.7,0,6.3,0.49,1,2.1818181818181817,0.6400000000000001,61.904999999999994,19.6,68.75,6.561,0.3,Elite,6.665683717782408,False,False,False,False,False,True,False,True,False,False
Mexico,MEX,CONCACAF,15,1627.0,4,5,1,0.458,1.14,1.48,2,10.2,0.393,74.6,3,524.0,45,3,5.6,54.7,76.0,1,1.2,0.94,1,1.3,-0.3400000000000001,50.28999999999999,11.644444444444444,65.35,4.0085999999999995,0.2,Strong,6.263398262591624,False,False,True,False,False,False,False,False,False,True
Uruguay,URU,CONMEBOL,14,1737.1,7,2,1,0.551,1.67,1.18,3,15.0,0.386,80.8,2,795.0,37,17,5.9,59.1,89.8,0,4.2,0.64,0,2.2,0.49,54.44,21.486486486486488,74.45,5.79,0.3,Strong,6.679599185844383,False,False,False,True,False,False,False,False,False,True
Japan,JPN,AFC,28,1656.8,4,2,4,0.404,1.56,1.46,1,10.1,0.363,74.6,1,425.0,37,6,5.3,51.0,77.1,0,11.9,0.32,1,1.6,0.10000000000000009,48.699999999999996,11.486486486486486,64.05,3.6662999999999997,0.1,Mid,6.054439346269371,True,False,False,False,False,False,False,False,True,False
Croatia,CRO,UEFA,18,1717.8,8,2,0,0.62,1.92,1.2,3,13.8,0.455,80.7,4,639.0,40,11,8.4,58.4,85.1,0,5.6,0.56,0,2.4,0.72,63.845,15.975,71.75,6.279000000000001,0.3,Strong,6.461468176353717,False,False,False,False,False,True,False,False,False,True
Turkey,TUR,UEFA,39,1400.4,3,5,2,0.226,0.88,1.73,1,10.6,0.24,73.8,2,237.0,31,5,4.8,45.4,70.6,0,7.4,0.62,0,1.1,-0.85,44.88999999999999,7.645161290322581,58.0,2.544,0.1,Developing,5.472270673671475,False,False,False,False,False,True,True,False,False,False
Costa Rica,CRC,CONCACAF,49,1551.5,3,6,1,0.44,0.65,1.55,0,6.6,0.246,73.5,0,212.0,31,3,3.4,49.9,73.1,0,1.4,0.8,0,1.0,-0.9,42.025,6.838709677419355,61.5,1.6236,0.0,Developing,5.3612921657094255,False,False,True,False,False,False,True,False,False,False
Argentina,ARG,CONMEBOL,7,1891.8,8,2,0,0.721,2.38,0.46,3,17.0,0.435,86.8,4,1120.0,62,21,9.6,63.8,86.9,0,7.7,0.56,1,2.4,1.92,71.19,18.06451612903226,75.35,7.395,0.3,Elite,7.02197642307216,False,False,False,True,False,False,False,True,False,False
New Zealand,NZL,OFC,48,1596.4,2,5,3,0.201,0.81,1.48,2,7.3,0.264,76.0,0,278.0,16,9,2.7,44.3,72.7,0,11.9,0.53,1,0.9,-0.6699999999999999,38.059999999999995,17.375,58.5,1.9272,0.2,Developing,5.631211781821365,False,False,False,False,True,False,True,False,False,False
Poland,POL,UEFA,28,1587.7,3,4,3,0.467,1.12,1.21,3,11.5,0.338,80.9,3,338.0,30,8,4.8,46.0,75.4,0,5.7,0.67,0,1.2,-0.08999999999999986,49.785000000000004,11.266666666666667,60.7,3.8870000000000005,0.3,Mid,5.82600010738045,False,False,False,False,False,True,False,False,True,False
Jamaica,JAM,CONCACAF,46,1437.4,2,7,1,0.416,0.63,1.53,0,6.7,0.279,76.0,2,297.0,18,6,4.7,40.6,72.4,0,1.9,0.94,1,0.7,-0.9,47.209999999999994,16.5,56.5,1.8693000000000002,0.0,Developing,5.697093486505405,False,False,True,False,False,False,True,False,False,False
Canada,CAN,CONCACAF,49,1488.9,3,7,0,0.337,0.5,1.52,0,10.6,0.273,75.9,1,217.0,20,6,2.9,42.3,77.0,1,0.9,0.82,1,0.9,-1.02,40.085,10.85,59.65,2.8938,0.0,Developing,5.384495062789089,False,False,True,False,False,False,True,False,False,False
Mexico,MEX,CONCACAF,35,1595.4,3,4,3,0.578,1.4,1.28,1,12.4,0.411,76.4,2,265.0,27,13,4.9,48.6,76.8,1,1.3,0.83,0,1.2,0.11999999999999988,49.67,9.814814814814815,62.7,5.0964,0.1,Mid,5.583496308781699,False,False,True,False,False,False,False,False,True,False
Nigeria,NGA,CAF,43,1462.0,2,5,3,0.262,0.81,1.26,0,9.4,0.299,70.1,1,253.0,31,4,3.8,49.0,78.7,0,9.6,0.26,0,0.9,-0.44999999999999996,40.45499999999999,8.161290322580646,63.85,2.8106,0.0,Developing,5.537334267018537,False,True,False,False,False,False,True,False,False,False
New Zealand,NZL,OFC,32,1481.2,2,5,3,0.28,1.0,1.36,1,6.0,0.308,74.1,1,244.0,23,2,5.0,42.3,71.8,0,14.1,0.59,0,0.9,-0.3600000000000001,46.23499999999999,10.608695652173912,57.05,1.8479999999999999,0.1,Mid,5.501258210544727,False,False,False,False,True,False,False,False,True,False
Netherlands,NED,UEFA,14,1727.6,8,1,1,0.698,2.1,1.02,5,12.9,0.358,81.3,3,671.0,46,17,7.7,56.6,83.7,0,7.9,0.57,1,2.5,1.08,62.385,14.58695652173913,70.15,4.6182,0.5,Strong,6.51025834052315,False,False,False,False,False,True,False,False,False,True
Qatar,QAT,AFC,29,1529.8,3,5,2,0.289,1.26,1.84,0,9.5,0.249,70.5,0,214.0,19,10,3.7,43.1,77.3,0,9.7,0.55,1,1.1,-0.5800000000000001,40.515,11.263157894736842,60.2,2.3655,0.0,Mid,5.3706380281276624,True,False,False,False,False,False,False,False,True,False
South Korea,KOR,AFC,26,1650.9,4,3,3,0.587,1.2,1.16,2,10.0,0.347,77.4,2,507.0,33,15,5.1,53.2,82.5,0,9.4,0.61,0,1.5,0.040000000000000036,50.809999999999995,15.363636363636363,67.85,3.4699999999999998,0.2,Mid,6.230481447578482,True,False,False,False,False,False,False,False,True,False
Denmark,DEN,UEFA,18,1608.7,3,4,3,0.567,1.01,0.88,4,10.5,0.371,74.2,2,358.0,38,7,6.0,51.4,83.4,0,5.9,0.58,1,1.2,0.13,52.64,9.421052631578947,67.4,3.8955,0.4,Strong,5.883322388488279,False,False,False,False,False,True,False,False,False,True
Mexico,MEX,CONCACAF,18,1585.1,3,2,5,0.418,1.48,1.1,3,13.0,0.304,80.9,2,278.0,40,3,7.0,50.8,77.4,1,1.6,0.91,1,1.4,0.3799999999999999,56.995,6.95,64.1,3.952,0.3,Strong,5.631211781821365,False,False,True,False,False,False,False,False,False,True
Nigeria,NGA,CAF,39,1556.9,4,4,2,0.377,0.68,1.86,2,6.3,0.237,76.5,1,367.0,21,6,3.7,49.5,77.3,0,7.2,0.41,0,1.4,-1.1800000000000002,43.495000000000005,17.476190476190474,63.4,1.4930999999999999,0.2,Developing,5.908082938168931,False,True,False,False,False,False,True,False,False,False
Netherlands,NED,UEFA,8,1724.0,7,2,1,0.71,1.94,1.02,4,16.2,0.387,82.8,3,816.0,38,13,6.7,53.6,82.5,0,6.5,0.69,1,2.2,0.9199999999999999,59.529999999999994,21.473684210526315,68.05,6.2694,0.4,Elite,6.705639094860003,False,False,False,False,False,True,False,True,False,False
Wales,WAL,UEFA,28,1532.3,2,6,2,0.346,0.94,2.06,2,7.7,0.236,74.9,0,239.0,23,7,2.5,46.0,70.3,0,6.6,0.63,0,0.8,-1.12,38.425000000000004,10.391304347826088,58.15,1.8172,0.2,Mid,5.480638923341991,False,False,False,False,False,True,False,False,True,False
Jamaica,JAM,CONCACAF,50,1485.8,2,6,2,0.263,1.25,1.6,2,9.1,0.26,74.6,2,307.0,22,3,5.5,44.0,78.9,0,1.6,0.89,1,0.8,-0.3500000000000001,47.99,13.954545454545455,61.45,2.366,0.2,Developing,5.730099782973574,False,False,True,False,False,False,True,False,False,False
Argentina,ARG,CONMEBOL,3,1832.2,9,2,0,0.845,1.86,0.49,6,16.5,0.483,84.7,5,729.0,45,8,7.6,61.1,85.2,0,4.6,0.64,1,2.4545454545454546,1.37,64.695,16.2,73.15,7.9695,0.6,Elite,6.593044534142437,False,False,False,True,False,False,False,True,False,False
Chile,CHI,CONMEBOL,43,1459.7,3,6,1,0.233,0.89,1.95,0,7.9,0.255,70.8,0,254.0,18,6,5.1,47.9,76.1,0,4.2,0.77,0,1.0,-1.06,44.959999999999994,14.11111111111111,62.0,2.0145,0.0,Developing,5.541263545158426,False,False,False,True,False,False,True,False,False,False
Portugal,POR,UEFA,14,1697.6,5,1,4,0.637,1.78,0.99,4,13.9,0.374,81.5,4,658.0,48,12,6.8,52.9,85.6,0,7.4,0.74,1,1.9,0.79,58.695,13.708333333333334,69.25,5.1986,0.4,Strong,6.490723534502507,False,False,False,False,False,True,False,False,False,True
Switzerland,SUI,UEFA,22,1548.4,4,2,4,0.538,1.33,1.41,2,10.3,0.309,79.2,1,299.0,31,11,4.3,48.2,80.6,0,6.5,0.72,0,1.6,-0.07999999999999985,48.15,9.64516129032258,64.4,3.1827,0.2,Mid,5.703782474656201,False,False,False,False,False,True,False,False,True,False
Serbia,SRB,UEFA,34,1585.7,6,2,2,0.458,1.56,1.14,4,10.8,0.419,78.0,2,276.0,30,3,5.0,49.3,75.7,0,8.5,0.58,1,2.0,0.42000000000000015,49.379999999999995,9.2,62.5,4.5252,0.4,Mid,5.6240175061873385,False,False,False,False,False,True,False,False,True,False
Uruguay,URU,CONMEBOL,11,1826.3,7,2,1,0.576,2.03,0.67,2,13.1,0.391,80.5,3,810.0,51,20,8.1,54.8,85.1,0,5.7,0.6,1,2.2,1.3599999999999999,62.28499999999999,15.882352941176471,69.94999999999999,5.1221,0.2,Strong,6.698268054115413,False,False,False,True,False,False,False,False,False,True
Brazil,BRA,CONMEBOL,2,1820.9,9,2,0,0.733,1.95,0.79,7,17.3,0.502,89.6,5,859.0,59,19,9.0,64.5,85.8,0,5.1,0.61,1,2.4545454545454546,1.16,70.19,14.559322033898304,75.15,8.6846,0.7,Elite,6.756932389247553,False,False,False,True,False,False,False,True,False,False
Turkey,TUR,UEFA,28,1419.2,2,6,2,0.203,0.89,1.26,0,7.9,0.259,76.0,1,337.0,21,1,4.8,47.7,78.8,0,8.8,0.57,1,0.8,-0.37,45.43,16.047619047619047,63.25,2.0461,0.0,Mid,5.823045895483019,False,False,False,False,False,True,False,False,True,False
Spain,ESP,UEFA,7,1952.7,8,0,2,0.789,2.05,0.55,6,20.0,0.419,87.3,3,1182.0,59,21,9.9,62.7,85.1,0,5.1,0.63,1,2.6,1.4999999999999998,73.095,20.033898305084747,73.9,8.379999999999999,0.6,Elite,7.075808863978387,False,False,False,False,False,True,False,True,False,False
Germany,DEU,UEFA,15,1745.0,8,3,0,0.603,1.54,0.95,3,16.1,0.366,80.3,3,499.0,38,13,7.4,61.3,80.6,0,7.1,0.49,0,2.1818181818181817,0.5900000000000001,60.035,13.131578947368421,70.94999999999999,5.892600000000001,0.3,Strong,6.214608098422191,False,False,False,False,False,True,False,False,False,True
Qatar,QAT,AFC,28,1524.9,4,6,0,0.389,0.68,1.23,2,10.9,0.273,70.2,2,224.0,22,5,2.5,48.2,77.9,0,9.2,0.44,1,1.2,-0.5499999999999999,37.21,10.181818181818182,63.050000000000004,2.9757000000000002,0.2,Mid,5.41610040220442,True,False,False,False,False,False,False,False,True,False
Croatia,CRO,UEFA,12,1807.7,6,3,1,0.603,1.64,0.78,5,13.3,0.393,82.5,3,553.0,46,20,7.0,59.4,86.4,0,8.5,0.57,1,1.9,0.8599999999999999,59.405,12.021739130434783,72.9,5.2269000000000005,0.5,Strong,6.317164686747284,False,False,False,False,False,True,False,False,False,True
Chile,CHI,CONMEBOL,39,1501.5,3,6,1,0.263,1.24,1.87,1,6.2,0.222,73.1,0,351.0,30,4,3.9,47.0,71.2,0,7.9,0.58,0,1.0,-0.6300000000000001,41.865,11.7,59.1,1.3764,0.1,Developing,5.863631175598097,False,False,False,True,False,False,True,False,False,False
Ecuador,ECU,CONMEBOL,19,1614.9,3,5,2,0.571,1.16,1.39,2,10.0,0.306,74.8,1,474.0,28,3,6.2,55.2,76.7,0,4.2,0.61,0,1.1,-0.22999999999999998,53.589999999999996,16.928571428571427,65.95,3.06,0.2,Strong,6.163314804034641,False,False,False,True,False,False,False,False,False,True
Netherlands,NED,UEFA,11,1775.4,5,3,2,0.581,1.94,1.06,5,16.6,0.452,80.7,3,487.0,47,18,6.2,61.0,84.3,0,7.1,0.72,0,1.7,0.8799999999999999,55.754999999999995,10.361702127659575,72.65,7.5032000000000005,0.5,Strong,6.1903154058531475,False,False,False,False,False,True,False,False,False,True
Brazil,BRA,CONMEBOL,5,1937.3,9,0,1,0.666,2.2,0.79,4,17.0,0.454,88.5,4,717.0,51,8,7.7,63.5,91.9,0,4.1,0.77,1,2.8,1.4100000000000001,64.585,14.058823529411764,77.7,7.718,0.4,Elite,6.576469569048224,False,False,False,True,False,False,False,True,False,False
Ivory Coast,CIV,CAF,42,1466.4,3,5,2,0.225,0.82,1.3,2,10.8,0.273,70.1,2,224.0,15,3,2.1,42.0,70.7,0,8.4,0.26,0,1.1,-0.4800000000000001,34.135,14.933333333333334,56.35,2.9484000000000004,0.2,Developing,5.41610040220442,False,True,False,False,False,False,True,False,False,False
Argentina,ARG,CONMEBOL,8,1796.1,8,2,0,0.77,2.0,0.44,7,17.0,0.547,88.8,5,1068.0,45,16,7.8,57.7,85.2,0,7.9,0.59,1,2.4,1.56,66.08,23.733333333333334,71.45,9.299000000000001,0.7,Elite,6.974478911025045,False,False,False,True,False,False,False,True,False,False
Ghana,GHA,CAF,37,1531.5,1,5,4,0.351,0.89,1.69,2,10.4,0.254,74.0,1,307.0,19,10,2.1,44.5,75.5,0,10.3,0.49,1,0.7,-0.7999999999999999,36.76,16.157894736842106,60.0,2.6416,0.2,Developing,5.730099782973574,False,True,False,False,False,False,True,False,False,False
Denmark,DEN,UEFA,28,1700.5,4,4,2,0.453,1.23,1.18,3,10.1,0.402,77.4,2,447.0,42,9,6.3,55.6,79.7,0,8.0,0.71,0,1.4,0.050000000000000044,53.67,10.642857142857142,67.65,4.0602,0.3,Mid,6.104793232414985,False,False,False,False,False,True,False,False,True,False
Tunisia,TUN,CAF,39,1572.9,3,4,3,0.237,1.01,1.79,2,7.9,0.308,73.1,0,344.0,29,3,2.8,41.9,77.5,0,8.1,0.26,0,1.2,-0.78,37.754999999999995,11.862068965517242,59.7,2.4332000000000003,0.2,Developing,5.84354441703136,False,True,False,False,False,False,True,False,False,False
Ecuador,ECU,CONMEBOL,29,1569.7,6,5,0,0.544,1.39,1.48,1,11.2,0.349,76.6,2,337.0,40,12,6.3,48.3,77.5,0,7.3,0.58,1,1.6363636363636365,-0.09000000000000008,54.3,8.425,62.9,3.9087999999999994,0.1,Mid,5.823045895483019,False,False,False,True,False,False,False,False,True,False
Sweden,SWE,UEFA,30,1664.9,4,2,4,0.597,1.02,1.26,4,11.3,0.362,74.9,3,457.0,41,7,5.5,53.3,77.9,0,6.0,0.68,1,1.6,-0.24,51.435,11.146341463414634,65.6,4.0906,0.4,Mid,6.126869184114185,False,False,False,False,False,True,False,False,True,False
Denmark,DEN,UEFA,17,1651.1,6,4,0,0.546,1.39,0.96,1,11.6,0.376,78.6,1,542.0,33,10,5.9,54.6,76.7,0,8.0,0.7,0,1.8,0.42999999999999994,53.62,16.424242424242426,65.65,4.3616,0.1,Strong,6.297109319933935,False,False,False,False,False,True,False,False,False,True
Saudi Arabia,KSA,AFC,46,1589.0,1,5,4,0.243,0.78,1.97,2,9.4,0.334,76.5,2,225.0,35,8,2.1,50.0,79.8,0,10.2,0.46,0,0.7,-1.19,36.555,6.428571428571429,64.9,3.1396,0.2,Developing,5.420534999272286,True,False,False,False,False,False,True,False,False,False
Argentina,ARG,CONMEBOL,4,1845.2,6,2,2,0.662,2.29,0.89,5,14.5,0.497,87.3,3,1062.0,52,22,7.4,62.5,87.4,0,5.4,0.61,1,2.0,1.4,63.074999999999996,20.423076923076923,74.95,7.2065,0.5,Elite,6.968850378341948,False,False,False,True,False,False,False,True,False,False
Germany,DEU,UEFA,8,1695.0,5,1,4,0.718,1.75,0.91,4,16.4,0.428,83.8,2,451.0,40,12,5.8,58.5,88.9,0,8.7,0.74,1,1.9,0.84,56.809999999999995,11.275,73.7,7.0192,0.4,Elite,6.113682179832232,False,False,False,False,False,True,False,True,False,False
Ecuador,ECU,CONMEBOL,24,1602.6,6,4,0,0.57,1.3,1.33,3,11.2,0.381,75.2,2,549.0,27,12,5.4,54.1,84.2,0,5.2,0.79,0,1.8,-0.030000000000000027,50.92,20.333333333333332,69.15,4.2672,0.3,Mid,6.309918278226516,False,False,False,True,False,False,False,False,True,False
Belgium,BEL,UEFA,8,1779.4,7,3,0,0.711,1.45,1.14,5,12.1,0.4,84.4,4,730.0,54,11,4.8,56.5,82.5,0,5.9,0.73,0,2.1,0.31000000000000005,53.45,13.518518518518519,69.5,4.84,0.5,Elite,6.594413459749778,False,False,False,False,False,True,False,True,False,False
Australia,AUS,AFC,26,1689.2,5,2,3,0.566,1.03,0.97,3,9.3,0.394,79.3,2,410.0,27,3,6.3,45.5,76.2,0,10.6,0.45,0,1.8,0.06000000000000005,55.464999999999996,15.185185185185185,60.85,3.6642000000000006,0.3,Mid,6.018593214496234,True,False,False,False,False,False,False,False,True,False
Switzerland,SUI,UEFA,23,1680.1,3,5,2,0.488,1.54,1.3,4,13.7,0.386,74.3,1,295.0,38,7,5.9,51.4,83.9,0,6.6,0.56,1,1.1,0.24,51.535000000000004,7.7631578947368425,67.65,5.2882,0.4,Mid,5.69035945432406,False,False,False,False,False,True,False,False,True,False
South Korea,KOR,AFC,32,1662.9,5,2,3,0.461,1.67,1.2,1,9.2,0.359,80.3,3,293.0,43,10,7.0,45.5,79.2,0,9.1,0.43,1,1.8,0.47,57.214999999999996,6.813953488372093,62.35,3.3027999999999995,0.1,Mid,5.683579767338681,True,False,False,False,False,False,False,False,True,False
Mexico,MEX,CONCACAF,12,1557.1,4,5,1,0.575,1.59,1.47,3,12.0,0.363,80.6,3,389.0,27,14,5.2,55.5,75.1,1,0.9,0.91,0,1.3,0.1200000000000001,52.16,14.407407407407407,65.3,4.356,0.3,Strong,5.966146739123692,False,False,True,False,False,False,False,False,False,True
Cameroon,CMR,CAF,47,1498.5,2,4,4,0.347,0.74,1.35,0,10.6,0.349,72.0,2,255.0,33,4,6.5,40.9,75.0,0,9.1,0.53,1,1.0,-0.6100000000000001,51.42,7.7272727272727275,57.95,3.6994,0.0,Developing,5.545177444479562,False,True,False,False,False,False,True,False,False,False
Italy,ITA,UEFA,10,1687.3,7,1,2,0.557,1.89,1.08,5,14.0,0.444,79.8,2,540.0,50,9,7.4,58.8,89.7,0,5.8,0.74,1,2.3,0.8099999999999998,59.4,10.8,74.25,6.216,0.5,Elite,6.293419278846481,False,False,False,False,False,True,False,True,False,False
Canada,CAN,CONCACAF,48,1436.6,4,7,0,0.21,0.94,1.29,1,10.5,0.223,76.0,1,208.0,25,3,3.5,46.6,73.2,1,1.6,0.74,0,1.0909090909090908,-0.3500000000000001,40.949999999999996,8.32,59.900000000000006,2.3415,0.1,Developing,5.342334251964811,False,False,True,False,False,False,True,False,False,False
Netherlands,NED,UEFA,11,1680.3,7,1,2,0.659,1.54,1.12,5,13.9,0.375,77.3,2,467.0,42,6,5.7,60.2,88.2,0,8.4,0.64,0,2.3,0.41999999999999993,53.595,11.119047619047619,74.2,5.2125,0.5,Strong,6.148468295917647,False,False,False,False,False,True,False,False,False,True
Portugal,POR,UEFA,12,1665.6,6,2,2,0.639,2.13,1.18,4,14.1,0.465,82.9,3,469.0,37,9,6.7,50.5,82.1,0,6.3,0.71,1,2.0,0.95,58.855000000000004,12.675675675675675,66.3,6.5565,0.4,Strong,6.152732694704104,False,False,False,False,False,True,False,False,False,True
Argentina,ARG,CONMEBOL,2,1988.5,9,2,0,0.83,1.85,0.71,3,18.1,0.536,89.7,5,1195.0,54,16,9.5,57.3,88.8,0,7.4,0.61,0,2.4545454545454546,1.1400000000000001,72.945,22.12962962962963,73.05,9.701600000000001,0.3,Elite,7.086737934510577,False,False,False,True,False,False,False,True,False,False
Spain,ESP,UEFA,5,1952.8,6,2,2,0.744,2.23,0.71,5,16.2,0.524,86.2,3,1191.0,55,21,8.5,65.1,91.1,0,6.0,0.71,1,2.0,1.52,67.36,21.654545454545456,78.1,8.4888,0.5,Elite,7.083387847625295,False,False,False,False,False,True,False,True,False,False
Argentina,ARG,CONMEBOL,6,1853.8,8,0,2,0.801,1.97,0.74,3,19.8,0.498,89.9,4,904.0,61,23,7.3,60.2,93.5,0,7.0,0.7,1,2.6,1.23,65.025,14.819672131147541,76.85,9.8604,0.3,Elite,6.807934943699926,False,False,False,True,False,False,False,True,False,False
South Korea,KOR,AFC,14,1695.6,6,2,2,0.477,1.54,1.42,1,13.3,0.341,76.3,3,407.0,37,13,4.7,50.3,79.6,0,10.5,0.57,1,2.0,0.1200000000000001,47.925,11.0,64.94999999999999,4.5353,0.1,Strong,6.0112671744041615,True,False,False,False,False,False,False,False,False,True
Tunisia,TUN,CAF,31,1518.5,4,5,1,0.339,0.89,2.04,1,6.6,0.278,71.3,2,254.0,30,9,3.0,47.7,77.8,0,9.5,0.4,0,1.3,-1.15,38.845,8.466666666666667,62.75,1.8348,0.1,Mid,5.541263545158426,False,True,False,False,False,False,False,False,True,False
Spain,ESP,UEFA,2,1964.3,9,0,1,0.7,2.18,0.87,7,19.3,0.452,85.6,5,932.0,40,15,8.0,58.6,86.2,0,8.5,0.68,1,2.8,1.31,64.96,23.3,72.4,8.723600000000001,0.7,Elite,6.838405200847344,False,False,False,False,False,True,False,True,False,False
Germany,DEU,UEFA,6,1706.5,8,2,0,0.64,2.01,1.05,5,16.4,0.474,84.0,4,696.0,50,18,7.1,52.6,83.7,0,7.8,0.59,0,2.4,0.9599999999999997,60.65,13.92,68.15,7.773599999999999,0.5,Elite,6.546785410760524,False,False,False,False,False,True,False,True,False,False
Denmark,DEN,UEFA,23,1606.5,6,3,1,0.558,1.23,1.17,2,11.0,0.32,75.4,2,507.0,26,4,6.6,47.3,75.8,0,8.5,0.47,1,1.9,0.06000000000000005,55.06999999999999,19.5,61.55,3.52,0.2,Mid,6.230481447578482,False,False,False,False,False,True,False,False,True,False
Ghana,GHA,CAF,37,1543.3,4,5,1,0.433,0.74,1.25,2,9.9,0.354,71.1,1,345.0,17,5,3.3,41.3,72.0,0,9.6,0.55,0,1.3,-0.51,40.76499999999999,20.294117647058822,56.65,3.5046,0.2,Developing,5.846438775057725,False,True,False,False,False,False,True,False,False,False
China,CHN,AFC,28,1477.7,4,4,2,0.267,0.54,1.61,0,9.9,0.295,74.4,1,279.0,31,2,4.8,44.0,73.5,0,10.2,0.51,1,1.4,-1.07,45.510000000000005,9.0,58.75,2.9205,0.0,Mid,5.634789603169249,True,False,False,False,False,False,False,False,True,False
South Korea,KOR,AFC,32,1535.3,4,2,4,0.462,1.56,1.17,2,13.3,0.343,80.2,1,447.0,34,12,4.7,54.4,84.0,0,13.7,0.59,0,1.6,0.3900000000000001,49.13999999999999,13.147058823529411,69.2,4.5619000000000005,0.2,Mid,6.104793232414985,True,False,False,False,False,False,False,False,True,False
Netherlands,NED,UEFA,12,1746.7,7,2,1,0.691,2.01,0.9,2,14.9,0.465,79.1,3,820.0,41,7,6.9,61.8,80.7,0,8.4,0.71,1,2.2,1.1099999999999999,58.74499999999999,20.0,71.25,6.9285000000000005,0.2,Strong,6.710523109452428,False,False,False,False,False,True,False,False,False,True
Argentina,ARG,CONMEBOL,7,1941.9,9,0,1,0.844,2.43,0.63,5,16.3,0.541,89.2,3,744.0,44,16,8.1,63.2,87.1,0,7.3,0.62,1,2.8,1.8000000000000003,68.00999999999999,16.90909090909091,75.15,8.8183,0.5,Elite,6.61338421837956,False,False,False,True,False,False,False,True,False,False
Spain,ESP,UEFA,1,1821.6,8,0,2,0.678,1.87,0.73,4,17.7,0.42,85.4,4,943.0,58,9,10.0,60.0,87.9,0,8.0,0.52,0,2.6,1.1400000000000001,71.67,16.25862068965517,73.95,7.433999999999999,0.4,Elite,6.8501261661455,False,False,False,False,False,True,False,True,False,False
Germany,DEU,UEFA,18,1673.7,8,2,0,0.657,2.04,0.87,3,15.3,0.385,81.9,3,655.0,37,15,7.2,60.6,86.5,0,6.0,0.57,1,2.4,1.17,60.434999999999995,17.7027027027027,73.55,5.8905,0.3,Strong,6.486160788944089,False,False,False,False,False,True,False,False,False,True
Spain,ESP,UEFA,3,1910.6,8,2,0,0.796,2.55,0.52,5,19.2,0.476,87.8,3,1131.0,56,10,8.2,59.1,87.9,0,5.9,0.73,1,2.4,2.03,67.38999999999999,20.196428571428573,73.5,9.139199999999999,0.5,Elite,7.0317412587631285,False,False,False,False,False,True,False,True,False,False
Brazil,BRA,CONMEBOL,7,1950.3,8,0,2,0.653,2.53,0.76,3,15.2,0.487,86.3,4,1145.0,46,19,7.2,67.0,89.7,0,4.4,0.75,1,2.6,1.7699999999999998,61.935,24.891304347826086,78.35,7.402399999999999,0.3,Elite,7.044032897274685,False,False,False,True,False,False,False,True,False,False
South Korea,KOR,AFC,35,1593.1,6,5,0,0.47,1.13,1.26,4,13.0,0.354,77.5,2,415.0,38,6,6.8,48.2,78.3,0,12.7,0.39,0,1.6363636363636365,-0.13000000000000012,55.625,10.921052631578947,63.25,4.601999999999999,0.4,Mid,6.030685260261263,True,False,False,False,False,False,False,False,True,False
Netherlands,NED,UEFA,12,1815.8,8,3,0,0.647,1.41,0.75,3,12.6,0.406,79.9,2,814.0,48,6,8.3,57.8,88.3,0,7.8,0.56,0,2.1818181818181817,0.6599999999999999,63.485,16.958333333333332,73.05,5.115600000000001,0.3,Strong,6.703188113240863,False,False,False,False,False,True,False,False,False,True
China,CHN,AFC,43,1469.0,2,7,1,0.43,0.91,1.83,2,7.5,0.3,71.0,2,321.0,35,6,4.5,48.9,76.1,0,10.3,0.48,0,0.7,-0.92,44.89999999999999,9.17142857142857,62.5,2.25,0.2,Developing,5.7745515455444085,True,False,False,False,False,False,True,False,False,False
Morocco,MAR,CAF,34,1689.8,3,4,3,0.521,1.7,1.15,1,12.6,0.342,80.2,2,413.0,29,15,6.1,53.2,78.4,0,11.0,0.36,0,1.2,0.55,54.63,14.241379310344827,65.80000000000001,4.309200000000001,0.1,Mid,6.025865973825314,False,True,False,False,False,False,False,False,True,False
Ecuador,ECU,CONMEBOL,16,1695.5,6,2,2,0.588,1.41,0.97,2,11.7,0.42,78.0,2,265.0,26,10,4.5,54.5,84.2,0,5.8,0.74,0,2.0,0.43999999999999995,48.93,10.192307692307692,69.35,4.914,0.2,Strong,5.583496308781699,False,False,False,True,False,False,False,False,False,True
England,ENG,UEFA,3,1817.7,8,1,1,0.823,2.65,0.71,5,17.8,0.536,87.9,3,791.0,41,25,7.3,62.1,87.7,0,7.6,0.52,1,2.5,1.94,64.545,19.29268292682927,74.9,9.5408,0.5,Elite,6.674561391814426,False,False,False,False,False,True,False,True,False,False
Ukraine,UKR,UEFA,31,1536.6,1,6,3,0.296,0.88,2.07,2,10.9,0.262,74.9,1,316.0,17,5,2.2,44.7,77.7,0,6.8,0.64,1,0.6,-1.19,36.875,18.58823529411765,61.2,2.8558000000000003,0.2,Mid,5.75890177387728,False,False,False,False,False,True,False,False,True,False
Denmark,DEN,UEFA,27,1647.6,6,3,1,0.403,1.08,1.05,1,10.2,0.312,78.8,1,459.0,33,3,5.1,49.1,75.8,0,7.7,0.56,1,1.9,0.030000000000000027,49.459999999999994,13.909090909090908,62.45,3.1824,0.1,Mid,6.131226489483141,False,False,False,False,False,True,False,False,True,False
Ukraine,UKR,UEFA,45,1415.4,1,4,5,0.343,1.19,1.67,1,7.2,0.234,75.7,1,280.0,29,8,4.1,43.7,76.6,0,7.0,0.49,1,0.8,-0.48,44.275,9.655172413793103,60.15,1.6848,0.1,Developing,5.638354669333745,False,False,False,False,False,True,True,False,False,False
Senegal,SEN,CAF,26,1512.7,3,4,3,0.562,1.16,1.17,4,11.1,0.37,75.0,2,271.0,41,5,5.4,47.9,79.2,0,10.5,0.28,0,1.2,-0.010000000000000009,50.77000000000001,6.609756097560975,63.55,4.107,0.4,Mid,5.605802066295998,False,True,False,False,False,False,False,False,True,False
Switzerland,SUI,UEFA,22,1613.0,4,3,3,0.445,1.45,1.47,3,13.3,0.341,75.9,2,523.0,32,5,6.3,46.2,77.7,0,6.1,0.7,0,1.5,-0.020000000000000018,53.065000000000005,16.34375,61.95,4.5353,0.3,Mid,6.261491684321042,False,False,False,False,False,True,False,False,True,False
USA,USA,CONCACAF,35,1549.9,6,3,1,0.588,1.08,1.29,3,12.2,0.345,79.2,1,454.0,25,3,5.8,47.8,79.4,1,1.8,0.81,1,1.9,-0.20999999999999996,53.9,18.16,63.6,4.209,0.3,Mid,6.12029741895095,False,False,True,False,False,False,False,False,True,False
Spain,ESP,UEFA,5,1863.1,8,1,1,0.807,1.97,0.47,4,18.3,0.449,85.0,5,981.0,63,20,7.8,61.8,87.1,0,5.4,0.5,0,2.5,1.5,65.12,15.571428571428571,74.44999999999999,8.216700000000001,0.4,Elite,6.889591308354466,False,False,False,False,False,True,False,True,False,False
France,FRA,UEFA,1,1863.3,7,0,3,0.759,2.44,0.71,5,15.2,0.473,85.8,3,1198.0,58,10,8.6,56.6,87.9,0,8.5,0.53,1,2.4,1.73,67.72,20.655172413793103,72.25,7.1895999999999995,0.5,Elite,7.089243155027514,False,False,False,False,False,True,False,True,False,False
Algeria,ALG,CAF,31,1452.9,4,4,2,0.435,1.29,2.16,1,7.7,0.336,76.2,2,295.0,35,4,6.6,41.0,73.8,0,9.3,0.38,1,1.4,-0.8700000000000001,54.12,8.428571428571429,57.4,2.5872,0.1,Mid,5.69035945432406,False,True,False,False,False,False,False,False,True,False
Switzerland,SUI,UEFA,16,1677.8,4,5,1,0.472,1.11,1.03,1,10.0,0.391,78.5,2,451.0,39,13,6.8,51.2,80.0,0,7.6,0.7,1,1.3,0.08000000000000007,55.995,11.564102564102564,65.6,3.91,0.1,Strong,6.113682179832232,False,False,False,False,False,True,False,False,False,True
Costa Rica,CRC,CONCACAF,41,1523.3,4,5,1,0.302,0.82,2.15,2,9.8,0.273,73.4,1,317.0,23,10,3.0,46.2,73.9,0,1.8,0.72,0,1.3,-1.33,39.21,13.782608695652174,60.050000000000004,2.6754000000000002,0.2,Developing,5.762051382780177,False,False,True,False,False,False,True,False,False,False
Colombia,COL,CONMEBOL,9,1799.9,8,1,1,0.694,1.59,1.02,5,13.1,0.431,81.7,2,577.0,38,13,8.5,60.5,85.5,0,5.4,0.66,1,2.5,0.5700000000000001,65.285,15.18421052631579,73.0,5.6461,0.5,Elite,6.359573868672378,False,False,False,True,False,False,False,True,False,False
France,FRA,UEFA,3,1815.7,8,1,1,0.708,2.54,0.42,5,17.5,0.517,88.2,3,807.0,58,25,9.9,55.3,88.4,0,6.1,0.55,1,2.5,2.12,72.6,13.913793103448276,71.85,9.0475,0.5,Elite,6.694562058521095,False,False,False,False,False,True,False,True,False,False
Poland,POL,UEFA,20,1507.3,3,5,2,0.471,1.24,1.04,3,10.4,0.3,79.0,3,369.0,32,12,4.7,51.8,79.9,0,7.6,0.73,0,1.1,0.19999999999999996,48.809999999999995,11.53125,65.85,3.12,0.3,Strong,5.91350300563827,False,False,False,False,False,True,False,False,False,True
France,FRA,UEFA,7,1917.6,6,1,3,0.827,1.85,0.48,3,19.1,0.402,89.0,4,807.0,58,16,7.4,61.2,87.8,0,8.3,0.64,0,2.1,1.37,65.32,13.913793103448276,74.5,7.678200000000001,0.3,Elite,6.694562058521095,False,False,False,False,False,True,False,True,False,False
England,ENG,UEFA,7,1965.5,8,1,1,0.816,2.52,0.42,7,17.8,0.478,85.2,4,976.0,59,20,7.7,60.2,89.9,0,5.9,0.49,1,2.5,2.1,64.92999999999999,16.54237288135593,75.05000000000001,8.5084,0.7,Elite,6.884486652042782,False,False,False,False,False,True,False,True,False,False
Senegal,SEN,CAF,12,1596.1,5,3,2,0.464,1.22,1.32,1,9.2,0.367,74.1,3,354.0,39,6,5.2,46.4,82.9,0,9.5,0.38,0,1.7,-0.10000000000000009,48.77499999999999,9.076923076923077,64.65,3.3764,0.1,Strong,5.872117789475416,False,True,False,False,False,False,False,False,False,True
Belgium,BEL,UEFA,5,1826.2,7,1,2,0.697,1.71,0.82,4,12.2,0.441,79.2,3,513.0,46,10,7.3,55.5,84.7,0,6.2,0.58,1,2.3,0.89,60.239999999999995,11.152173913043478,70.1,5.380199999999999,0.4,Elite,6.2422232654551655,False,False,False,False,False,True,False,True,False,False
Honduras,HON,CONCACAF,44,1514.6,1,5,4,0.319,1.19,1.22,1,10.6,0.318,75.4,2,364.0,29,10,5.1,46.3,78.4,0,0.6,0.89,0,0.7,-0.030000000000000027,47.42999999999999,12.551724137931034,62.35,3.3708,0.1,Developing,5.8998973535824915,False,False,True,False,False,False,True,False,False,False
Argentina,ARG,CONMEBOL,4,1865.2,6,0,4,0.668,2.19,0.46,4,14.0,0.427,84.2,3,872.0,58,10,8.5,57.5,89.1,0,5.6,0.75,0,2.2,1.73,65.9,15.03448275862069,73.3,5.978,0.4,Elite,6.771935555839602,False,False,False,True,False,False,False,True,False,False
Tunisia,TUN,CAF,44,1447.0,2,6,2,0.435,1.03,2.04,1,7.2,0.298,75.5,1,253.0,29,9,2.1,46.9,72.9,0,10.3,0.34,0,0.8,-1.01,38.125,8.724137931034482,59.900000000000006,2.1456,0.1,Developing,5.537334267018537,False,True,False,False,False,False,True,False,False,False
Serbia,SRB,UEFA,28,1528.7,6,3,1,0.454,1.69,1.4,3,12.3,0.409,74.7,2,312.0,40,6,5.6,55.1,77.9,0,7.8,0.63,0,1.9,0.29000000000000004,50.285,7.8,66.5,5.0307,0.3,Mid,5.746203190540153,False,False,False,False,False,True,False,False,True,False
Saudi Arabia,KSA,AFC,36,1528.7,4,6,0,0.261,0.63,1.59,0,6.5,0.229,72.4,2,365.0,18,7,4.8,42.0,74.9,0,9.1,0.63,1,1.2,-0.9600000000000001,44.75,20.27777777777778,58.45,1.4885000000000002,0.0,Developing,5.902633333401366,True,False,False,False,False,False,True,False,False,False
Germany,DEU,UEFA,12,1808.1,7,1,2,0.713,1.48,0.89,5,16.0,0.448,85.6,3,609.0,44,13,8.1,61.8,84.6,0,5.3,0.45,1,2.3,0.59,65.44,13.840909090909092,73.19999999999999,7.168,0.5,Strong,6.413458957167357,False,False,False,False,False,True,False,False,False,True
South Korea,KOR,AFC,26,1645.3,4,4,2,0.425,1.21,1.2,3,10.0,0.341,80.8,2,275.0,40,4,4.6,53.6,81.8,0,11.3,0.5,1,1.4,0.010000000000000009,48.629999999999995,6.875,67.7,3.41,0.3,Mid,5.62040086571715,True,False,False,False,False,False,False,False,True,False
USA,USA,CONCACAF,14,1600.1,5,3,2,0.487,1.3,1.39,2,11.5,0.401,75.2,0,433.0,37,5,6.7,46.2,79.6,1,2.9,0.87,1,1.7,-0.08999999999999986,54.63999999999999,11.702702702702704,62.9,4.6115,0.2,Strong,6.073044534100405,False,False,True,False,False,False,False,False,False,True
USA,USA,CONCACAF,21,1589.1,5,5,0,0.486,1.63,1.0,1,11.7,0.369,78.2,2,309.0,36,11,4.1,47.6,77.4,1,2.3,0.76,1,1.5,0.6299999999999999,46.58,8.583333333333334,62.5,4.3172999999999995,0.1,Mid,5.736572297479192,False,False,True,False,False,False,False,False,True,False
Wales,WAL,UEFA,30,1519.4,4,5,1,0.374,1.15,1.74,1,9.1,0.285,75.5,1,273.0,31,9,5.2,48.1,75.9,0,8.7,0.55,0,1.3,-0.5900000000000001,48.365,8.806451612903226,62.0,2.5934999999999997,0.1,Mid,5.6131281063880705,False,False,False,False,False,True,False,False,True,False
Honduras,HON,CONCACAF,34,1557.8,3,6,1,0.272,0.99,1.75,0,9.4,0.294,70.6,2,306.0,30,8,2.4,45.5,75.0,0,2.2,0.72,0,1.0,-0.76,35.83,10.2,60.25,2.7636,0.0,Mid,5.726847747587197,False,False,True,False,False,False,False,False,True,False
Belgium,BEL,UEFA,9,1792.8,8,1,1,0.679,1.69,1.04,3,15.5,0.38,85.2,3,819.0,43,11,6.9,58.7,82.2,0,8.0,0.69,1,2.5,0.6499999999999999,60.76,19.046511627906977,70.45,5.89,0.3,Elite,6.709304340258298,False,False,False,False,False,True,False,True,False,False
Serbia,SRB,UEFA,26,1625.6,3,3,4,0.468,1.3,1.08,2,11.7,0.385,78.8,3,484.0,45,11,4.2,46.1,79.6,0,8.3,0.54,1,1.3,0.21999999999999997,46.96,10.755555555555556,62.849999999999994,4.5045,0.2,Mid,6.184148890937483,False,False,False,False,False,True,False,False,True,False
Serbia,SRB,UEFA,30,1695.4,5,3,2,0.459,1.39,0.84,2,13.5,0.354,78.6,1,415.0,44,8,5.1,46.1,84.0,0,8.9,0.64,1,1.7,0.5499999999999999,49.95,9.431818181818182,65.05,4.779,0.2,Mid,6.030685260261263,False,False,False,False,False,True,False,False,True,False
Nigeria,NGA,CAF,43,1502.5,4,7,0,0.263,0.81,1.85,0,7.3,0.267,72.4,0,358.0,16,9,2.7,48.1,72.1,0,8.5,0.51,0,1.0909090909090908,-1.04,37.42,22.375,60.099999999999994,1.9491,0.0,Developing,5.883322388488279,False,True,False,False,False,False,True,False,False,False
Ivory Coast,CIV,CAF,38,1487.0,2,6,2,0.44,0.64,1.51,0,6.3,0.305,75.0,0,331.0,32,6,5.3,40.6,70.7,0,10.5,0.49,1,0.8,-0.87,49.199999999999996,10.34375,55.650000000000006,1.9215,0.0,Developing,5.805134968916488,False,True,False,False,False,False,True,False,False,False
Germany,DEU,UEFA,10,1755.6,5,3,2,0.562,1.98,0.78,2,13.2,0.44,85.2,4,811.0,47,19,8.2,56.9,83.2,0,6.5,0.46,1,1.7,1.2,64.14,17.25531914893617,70.05,5.808,0.2,Elite,6.699500340161678,False,False,False,False,False,True,False,True,False,False
Germany,DEU,UEFA,18,1738.9,6,3,1,0.704,1.58,0.77,2,13.5,0.479,81.3,2,484.0,44,16,7.3,53.1,80.8,0,8.2,0.73,1,1.9,0.81,61.044999999999995,11.0,66.95,6.4665,0.2,Strong,6.184148890937483,False,False,False,False,False,True,False,False,False,True
Sweden,SWE,UEFA,25,1643.3,5,3,2,0.465,1.29,1.28,4,9.4,0.327,74.2,1,364.0,25,13,4.9,48.8,79.2,0,5.5,0.5,0,1.7,0.010000000000000009,47.77,14.56,64.0,3.0738000000000003,0.4,Mid,5.8998973535824915,False,False,False,False,False,True,False,False,True,False
England,ENG,UEFA,5,1867.5,7,2,1,0.756,2.18,0.48,4,15.4,0.44,84.5,4,771.0,56,23,7.4,57.7,94.3,0,8.0,0.69,1,2.2,1.7000000000000002,63.035000000000004,13.767857142857142,76.0,6.776,0.4,Elite,6.648984550024776,False,False,False,False,False,True,False,True,False,False
Spain,ESP,UEFA,5,1877.7,9,0,1,0.774,1.84,0.57,7,14.1,0.532,84.1,4,721.0,64,20,7.1,59.2,85.3,0,6.6,0.46,1,2.8,1.27,62.025,11.265625,72.25,7.5012,0.7,Elite,6.582025138892826,False,False,False,False,False,True,False,True,False,False
France,FRA,UEFA,8,1854.1,8,1,1,0.702,2.35,0.54,6,19.5,0.408,84.2,3,841.0,64,10,9.4,64.9,90.4,0,5.2,0.62,1,2.5,1.81,69.39,13.140625,77.65,7.9559999999999995,0.6,Elite,6.7357800142423265,False,False,False,False,False,True,False,True,False,False
Brazil,BRA,CONMEBOL,5,1877.5,9,2,0,0.748,2.18,0.83,4,17.5,0.458,83.2,5,1160.0,47,13,8.0,55.9,93.5,0,5.4,0.61,1,2.4545454545454546,1.35,64.6,24.680851063829788,74.7,8.015,0.4,Elite,7.057036981697891,False,False,False,True,False,False,False,True,False,False
USA,USA,CONCACAF,32,1663.7,4,5,1,0.415,1.36,1.38,4,13.7,0.301,78.0,3,517.0,31,5,6.9,55.6,82.3,1,1.8,0.75,0,1.3,-0.019999999999999796,55.6,16.677419354838708,68.95,4.1236999999999995,0.4,Mid,6.249975242259483,False,False,True,False,False,False,False,False,True,False
Australia,AUS,AFC,21,1583.6,3,4,3,0.535,1.2,1.12,1,11.7,0.418,79.5,1,261.0,30,9,4.3,49.4,75.1,0,11.9,0.53,0,1.2,0.07999999999999985,48.225,8.7,62.25,4.890599999999999,0.1,Mid,5.568344503761097,True,False,False,False,False,False,False,False,True,False
Belgium,BEL,UEFA,11,1727.2,8,1,1,0.615,2.05,0.95,5,12.2,0.37,82.9,3,745.0,41,12,6.3,58.3,87.3,0,9.0,0.69,1,2.5,1.0999999999999999,57.214999999999996,18.170731707317074,72.8,4.513999999999999,0.5,Strong,6.61472560020376,False,False,False,False,False,True,False,False,False,True
Portugal,POR,UEFA,5,1787.1,5,1,4,0.624,1.42,0.82,2,16.2,0.476,82.0,2,725.0,37,6,6.1,51.1,82.7,0,7.3,0.74,1,1.9,0.6,56.29,19.594594594594593,66.9,7.711199999999999,0.2,Elite,6.587550014824796,False,False,False,False,False,True,False,True,False,False
Canada,CAN,CONCACAF,38,1580.7,4,4,2,0.262,0.69,2.19,2,10.2,0.3,76.1,0,310.0,24,8,3.9,43.3,74.4,1,1.2,0.74,0,1.4,-1.5,42.904999999999994,12.916666666666666,58.85,3.0599999999999996,0.2,Developing,5.739792912179234,False,False,True,False,False,False,True,False,False,False
Canada,CAN,CONCACAF,35,1514.0,1,4,5,0.282,0.88,2.0,2,9.6,0.318,71.1,1,261.0,18,9,3.6,43.8,72.5,1,1.3,0.94,0,0.8,-1.12,40.305,14.5,58.15,3.0528,0.2,Mid,5.568344503761097,False,False,True,False,False,False,False,False,True,False
USA,USA,CONCACAF,20,1583.7,3,3,4,0.432,1.46,1.0,1,9.3,0.325,77.3,2,342.0,34,10,5.3,55.6,78.5,1,1.6,0.7,0,1.3,0.45999999999999996,49.925,10.058823529411764,67.05,3.0225000000000004,0.1,Strong,5.8377304471659395,False,False,True,False,False,False,False,False,False,True
Ecuador,ECU,CONMEBOL,22,1695.2,3,3,4,0.437,1.65,1.29,3,11.2,0.336,74.5,3,483.0,38,6,5.8,51.7,79.2,0,7.3,0.67,0,1.3,0.3599999999999999,50.745,12.710526315789474,65.45,3.7632,0.3,Mid,6.182084906716632,False,False,False,True,False,False,False,False,True,False
Egypt,EGY,CAF,28,1443.5,1,4,5,0.271,0.96,1.65,1,7.2,0.245,73.2,1,281.0,20,9,3.0,42.7,73.8,0,10.3,0.35,0,0.8,-0.69,38.830000000000005,14.05,58.25,1.764,0.1,Mid,5.641907070938114,False,True,False,False,False,False,False,False,True,False
Saudi Arabia,KSA,AFC,29,1507.5,1,4,5,0.237,0.78,1.78,2,7.3,0.237,71.7,1,214.0,24,3,2.8,44.0,75.5,0,9.5,0.61,0,0.8,-1.0,37.26499999999999,8.916666666666666,59.75,1.7301,0.2,Mid,5.3706380281276624,True,False,False,False,False,False,False,False,True,False
Poland,POL,UEFA,16,1689.2,4,2,4,0.436,1.3,1.04,2,9.7,0.408,74.6,2,487.0,31,6,6.2,48.1,80.6,0,5.4,0.73,0,1.6,0.26,52.169999999999995,15.709677419354838,64.35,3.9575999999999993,0.2,Strong,6.1903154058531475,False,False,False,False,False,True,False,False,False,True
Sweden,SWE,UEFA,26,1513.2,3,2,5,0.509,1.31,1.07,1,13.3,0.338,78.2,3,374.0,34,3,4.7,45.6,82.4,0,5.3,0.46,0,1.4,0.24,48.91,11.0,64.0,4.495400000000001,0.1,Mid,5.926926025970411,False,False,False,False,False,True,False,False,True,False
Algeria,ALG,CAF,48,1412.7,1,5,4,0.295,1.09,2.13,0,7.4,0.324,70.6,0,296.0,28,8,5.2,47.2,75.9,0,9.5,0.49,0,0.7,-1.0399999999999998,45.86,10.571428571428571,61.550000000000004,2.3976,0.0,Developing,5.6937321388027,False,True,False,False,False,False,True,False,False,False
Mexico,MEX,CONCACAF,17,1570.5,4,4,2,0.554,1.16,1.43,4,10.2,0.409,77.5,2,344.0,42,15,5.2,48.7,80.9,1,1.2,0.74,1,1.4,-0.27,50.865,8.19047619047619,64.80000000000001,4.171799999999999,0.4,Strong,5.84354441703136,False,False,True,False,False,False,False,False,False,True
Morocco,MAR,CAF,28,1611.2,4,2,4,0.486,1.51,0.97,3,13.8,0.396,75.3,1,545.0,30,9,5.3,54.5,75.2,0,8.2,0.42,0,1.6,0.54,49.765,18.166666666666668,64.85,5.4648,0.3,Mid,6.302618975744905,False,True,False,False,False,False,False,False,True,False
Sweden,SWE,UEFA,15,1575.8,6,5,0,0.474,1.12,0.81,3,12.8,0.39,76.4,1,390.0,37,6,4.5,45.1,81.7,0,7.0,0.72,1,1.6363636363636365,0.31000000000000005,47.230000000000004,10.54054054054054,63.400000000000006,4.992000000000001,0.3,Strong,5.968707559985366,False,False,False,False,False,True,False,False,False,True
Paraguay,PAR,CONMEBOL,49,1558.7,4,4,2,0.414,0.8,1.22,1,7.9,0.342,72.8,2,210.0,35,4,4.6,44.1,70.9,0,4.8,0.59,0,1.4,-0.41999999999999993,45.72,6.0,57.5,2.7018000000000004,0.1,Developing,5.351858133476067,False,False,False,True,False,False,True,False,False,False
Jamaica,JAM,CONCACAF,45,1424.4,4,5,1,0.329,1.2,1.41,2,9.4,0.268,70.1,2,225.0,35,6,2.6,44.1,74.6,0,2.9,0.71,0,1.3,-0.20999999999999996,36.925,6.428571428571429,59.349999999999994,2.5192,0.2,Developing,5.420534999272286,False,False,True,False,False,False,True,False,False,False
France,FRA,UEFA,3,1971.0,8,0,2,0.703,2.39,0.49,7,15.8,0.491,85.6,4,901.0,40,14,8.8,64.5,91.7,0,6.0,0.52,1,2.6,1.9000000000000001,67.79,22.525,78.1,7.7578000000000005,0.7,Elite,6.804614520062624,False,False,False,False,False,True,False,True,False,False
Spain,ESP,UEFA,3,1794.1,6,2,2,0.769,2.09,0.83,3,16.7,0.489,86.7,4,1048.0,46,12,8.2,58.3,91.9,0,5.4,0.73,0,2.0,1.2599999999999998,66.735,22.782608695652176,75.1,8.1663,0.3,Elite,6.955592608396297,False,False,False,False,False,True,False,True,False,False
Belgium,BEL,UEFA,6,1759.8,8,1,1,0.577,2.14,0.99,3,13.2,0.438,79.3,4,685.0,46,18,8.1,60.5,85.2,0,8.3,0.67,0,2.5,1.1500000000000001,61.875,14.891304347826088,72.85,5.7816,0.3,Elite,6.530877627725885,False,False,False,False,False,True,False,True,False,False
Cameroon,CMR,CAF,33,1563.1,4,6,0,0.345,1.21,1.68,1,7.9,0.331,70.3,0,200.0,30,2,2.5,45.0,70.7,0,9.5,0.54,0,1.2,-0.47,36.805,6.666666666666667,57.85,2.6149000000000004,0.1,Mid,5.303304908059076,False,True,False,False,False,False,False,False,True,False
Senegal,SEN,CAF,19,1565.1,5,5,0,0.494,1.56,1.12,1,10.2,0.344,78.1,2,422.0,42,9,5.7,51.3,79.7,0,8.8,0.44,1,1.5,0.43999999999999995,52.224999999999994,10.047619047619047,65.5,3.5087999999999995,0.1,Strong,6.0473721790462776,False,True,False,False,False,False,False,False,False,True
Belgium,BEL,UEFA,5,1670.1,7,1,2,0.692,1.84,0.93,2,14.6,0.422,85.6,4,804.0,38,9,7.4,59.7,85.8,0,5.1,0.74,1,2.3,0.91,62.78,21.157894736842106,72.75,6.1612,0.2,Elite,6.690842277418564,False,False,False,False,False,True,False,True,False,False
England,ENG,UEFA,8,1900.2,7,1,2,0.82,2.33,0.59,3,14.8,0.504,89.4,5,868.0,47,16,7.0,61.6,93.7,0,5.4,0.45,0,2.3,1.7400000000000002,63.989999999999995,18.46808510638298,77.65,7.4592,0.3,Elite,6.767343125265392,False,False,False,False,False,True,False,True,False,False
Ecuador,ECU,CONMEBOL,22,1633.8,5,3,2,0.599,1.51,1.47,2,12.7,0.313,80.9,2,467.0,31,11,5.6,48.0,75.1,0,4.9,0.7,0,1.7,0.040000000000000036,53.905,15.064516129032258,61.55,3.9751,0.2,Mid,6.148468295917647,False,False,False,True,False,False,False,False,True,False
Ecuador,ECU,CONMEBOL,32,1583.6,3,5,2,0.531,1.37,1.23,4,9.9,0.375,78.5,2,267.0,30,8,6.9,47.4,81.0,0,8.0,0.6,0,1.1,0.14000000000000012,56.935,8.9,64.2,3.7125000000000004,0.4,Mid,5.5909869805108565,False,False,False,True,False,False,False,False,True,False
Algeria,ALG,CAF,39,1409.5,2,5,3,0.253,0.96,1.9,2,10.8,0.301,75.7,2,227.0,33,8,4.1,41.4,78.6,0,8.2,0.39,1,0.9,-0.94,43.375,6.878787878787879,60.0,3.2508,0.2,Developing,5.429345628954441,False,True,False,False,False,False,True,False,False,False
Japan,JPN,AFC,15,1576.7,5,4,1,0.581,1.12,1.13,1,11.5,0.417,80.6,1,326.0,41,9,6.8,51.3,81.1,0,11.7,0.36,0,1.6,-0.009999999999999787,57.82,7.951219512195122,66.19999999999999,4.7955,0.1,Strong,5.7899601708972535,True,False,False,False,False,False,False,False,False,True
Denmark,DEN,UEFA,22,1668.2,4,3,3,0.529,1.16,0.91,3,11.0,0.395,77.3,3,343.0,38,3,6.2,51.8,81.2,0,6.4,0.46,0,1.5,0.2499999999999999,54.044999999999995,9.026315789473685,66.5,4.345000000000001,0.3,Mid,5.840641657373398,False,False,False,False,False,True,False,False,True,False
France,FRA,UEFA,1,1866.9,6,2,2,0.765,2.34,0.69,4,17.5,0.419,84.6,5,1091.0,61,9,9.6,58.8,87.1,0,6.9,0.6,1,2.0,1.65,70.86,17.885245901639344,72.94999999999999,7.3325,0.4,Elite,6.9957661563048505,False,False,False,False,False,True,False,True,False,False
Brazil,BRA,CONMEBOL,6,1994.2,7,1,2,0.796,2.6,0.79,5,19.6,0.468,84.9,5,849.0,55,18,5.2,59.9,92.6,0,6.9,0.75,1,2.3,1.81,55.875,15.436363636363636,76.25,9.1728,0.5,Elite,6.745236349484363,False,False,False,True,False,False,False,True,False,False
Mexico,MEX,CONCACAF,24,1640.4,5,2,3,0.437,1.54,0.94,3,11.7,0.362,80.3,3,278.0,35,4,6.5,46.2,76.8,1,2.5,0.85,0,1.8,0.6000000000000001,55.224999999999994,7.942857142857143,61.5,4.235399999999999,0.3,Mid,5.631211781821365,False,False,True,False,False,False,False,False,True,False
Italy,ITA,UEFA,11,1693.7,6,3,1,0.673,1.78,1.05,5,12.9,0.419,84.6,3,661.0,52,14,7.8,56.8,88.9,0,7.6,0.67,1,1.9,0.73,63.64,12.711538461538462,72.85,5.4051,0.5,Strong,6.495265555937008,False,False,False,False,False,True,False,False,False,True
Portugal,POR,UEFA,8,1722.1,7,3,0,0.563,1.8,0.9,3,15.0,0.371,82.8,2,832.0,38,8,4.6,55.4,86.0,0,6.1,0.54,0,2.1,0.9,50.709999999999994,21.894736842105264,70.7,5.5649999999999995,0.3,Elite,6.725033642166843,False,False,False,False,False,True,False,True,False,False
Argentina,ARG,CONMEBOL,1,1962.2,9,1,0,0.843,2.24,0.97,5,17.3,0.542,86.6,4,1153.0,44,19,8.8,55.2,85.6,0,6.1,0.75,1,2.7,1.2700000000000002,69.53999999999999,26.204545454545453,70.4,9.376600000000002,0.5,Elite,7.050989447068045,False,False,False,True,False,False,False,True,False,False
New Zealand,NZL,OFC,48,1415.6,4,7,0,0.227,0.94,1.79,1,9.9,0.342,71.5,2,307.0,19,9,5.0,49.1,78.2,0,13.7,0.51,0,1.0909090909090908,-0.8500000000000001,44.795,16.157894736842106,63.650000000000006,3.3858000000000006,0.1,Developing,5.730099782973574,False,False,False,False,True,False,True,False,False,False
Jamaica,JAM,CONCACAF,44,1475.2,3,4,3,0.314,1.06,2.03,0,11.0,0.316,70.0,1,263.0,20,7,3.4,48.8,73.9,0,2.7,0.83,0,1.2,-0.9699999999999998,39.54,13.15,61.35,3.476,0.0,Developing,5.575949103146316,False,False,True,False,False,False,True,False,False,False
Senegal,SEN,CAF,26,1687.7,5,4,1,0.562,1.11,1.07,1,10.3,0.36,79.7,1,427.0,27,7,4.9,52.2,84.7,0,8.4,0.49,1,1.6,0.040000000000000036,50.665000000000006,15.814814814814815,68.45,3.708,0.1,Mid,6.059123195581797,False,True,False,False,False,False,False,False,True,False
Ivory Coast,CIV,CAF,47,1532.4,3,5,2,0.355,1.18,1.37,0,6.8,0.283,70.5,0,247.0,27,3,2.2,49.0,79.5,0,9.7,0.53,0,1.1,-0.19000000000000017,35.925,9.148148148148149,64.25,1.9243999999999997,0.0,Developing,5.5134287461649825,False,True,False,False,False,False,True,False,False,False
Honduras,HON,CONCACAF,49,1524.1,3,5,2,0.384,1.08,1.63,2,10.9,0.253,71.2,1,312.0,31,9,2.6,40.4,74.5,0,1.1,0.76,0,1.1,-0.5499999999999998,37.86,10.064516129032258,57.45,2.7577000000000003,0.2,Developing,5.746203190540153,False,False,True,False,False,False,True,False,False,False
Austria,AUT,UEFA,15,1597.5,5,5,0,0.437,1.08,1.41,4,12.0,0.416,78.4,2,275.0,45,4,6.9,55.8,76.6,0,5.8,0.72,0,1.5,-0.32999999999999985,55.96,6.111111111111111,66.19999999999999,4.992,0.4,Strong,5.62040086571715,False,False,False,False,False,True,False,False,False,True
Netherlands,NED,UEFA,11,1705.7,8,2,0,0.63,1.64,1.08,5,14.5,0.419,79.3,2,548.0,48,7,6.5,60.3,81.6,0,5.9,0.64,1,2.4,0.5599999999999998,56.80499999999999,11.416666666666666,70.94999999999999,6.0755,0.5,Strong,6.3080984415095305,False,False,False,False,False,True,False,False,False,True
Brazil,BRA,CONMEBOL,5,1975.8,6,0,4,0.825,1.9,0.42,3,16.3,0.448,86.8,5,868.0,57,22,8.7,62.0,88.5,0,4.0,0.56,0,2.2,1.48,69.07999999999998,15.228070175438596,75.25,7.3024000000000004,0.3,Elite,6.767343125265392,False,False,False,True,False,False,False,True,False,False
Cameroon,CMR,CAF,41,1559.4,1,6,3,0.328,1.0,1.87,1,6.5,0.319,75.1,1,318.0,27,2,2.7,43.3,76.0,0,10.2,0.43,0,0.6,-0.8700000000000001,39.015,11.777777777777779,59.65,2.0735,0.1,Developing,5.765191102784844,False,True,False,False,False,False,True,False,False,False
Switzerland,SUI,UEFA,22,1672.6,3,3,4,0.421,1.1,1.48,2,12.2,0.346,75.3,3,466.0,28,5,4.5,46.0,77.8,0,7.6,0.5,0,1.3,-0.3799999999999999,46.315,16.642857142857142,61.9,4.2212,0.2,Mid,6.1463292576688975,False,False,False,False,False,True,False,False,True,False
Sweden,SWE,UEFA,24,1705.2,6,4,0,0.407,1.41,1.11,4,9.2,0.397,77.9,3,539.0,38,8,6.6,48.9,81.2,0,6.3,0.62,1,1.8,0.2999999999999998,54.434999999999995,14.18421052631579,65.05,3.6524,0.4,Mid,6.29156913955832,False,False,False,False,False,True,False,False,True,False
Paraguay,PAR,CONMEBOL,47,1460.9,1,7,2,0.361,0.58,2.1,1,9.4,0.313,70.1,0,295.0,27,9,2.3,46.8,73.0,0,7.4,0.78,0,0.5,-1.52,36.19499999999999,10.925925925925926,59.9,2.9422,0.1,Developing,5.69035945432406,False,False,False,True,False,False,True,False,False,False
Spain,ESP,UEFA,8,1810.1,9,2,0,0.801,2.53,0.95,4,19.0,0.512,87.4,5,880.0,50,16,9.2,58.3,87.8,0,5.0,0.49,0,2.4545454545454546,1.5799999999999998,70.8,17.6,73.05,9.728,0.4,Elite,6.78105762593618,False,False,False,False,False,True,False,True,False,False
Australia,AUS,AFC,31,1606.6,4,4,2,0.464,1.23,1.19,4,12.9,0.327,78.3,1,312.0,29,3,6.1,45.6,75.5,0,13.0,0.62,1,1.4,0.040000000000000036,53.394999999999996,10.758620689655173,60.55,4.2183,0.4,Mid,5.746203190540153,True,False,False,False,False,False,False,False,True,False
Poland,POL,UEFA,17,1709.6,5,4,1,0.599,1.43,1.35,4,10.1,0.312,79.1,2,338.0,29,6,4.1,55.6,76.5,0,5.7,0.62,0,1.6,0.07999999999999985,48.025,11.655172413793103,66.05,3.1512,0.4,Strong,5.82600010738045,False,False,False,False,False,True,False,False,False,True
Denmark,DEN,UEFA,21,1552.4,5,4,1,0.48,1.47,1.37,3,10.6,0.391,79.8,2,309.0,30,6,4.7,45.0,78.1,0,5.8,0.53,1,1.6,0.09999999999999987,49.17999999999999,10.3,61.55,4.1446,0.3,Mid,5.736572297479192,False,False,False,False,False,True,False,False,True,False
Argentina,ARG,CONMEBOL,8,1802.7,7,1,2,0.808,2.37,0.83,3,17.3,0.495,89.7,3,957.0,60,8,9.2,65.8,86.4,0,6.5,0.57,1,2.3,1.54,71.675,15.95,76.1,8.5635,0.3,Elite,6.86484777797086,False,False,False,True,False,False,False,True,False,False
Croatia,CRO,UEFA,8,1729.9,7,3,0,0.583,2.07,0.7,2,12.7,0.424,84.6,4,811.0,45,20,7.9,60.2,80.9,0,5.1,0.5,1,2.1,1.3699999999999999,63.089999999999996,18.022222222222222,70.55000000000001,5.384799999999999,0.2,Elite,6.699500340161678,False,False,False,False,False,True,False,True,False,False
Italy,ITA,UEFA,18,1706.3,6,3,1,0.676,1.6,1.02,5,16.1,0.476,80.3,3,489.0,41,10,7.2,59.4,89.7,0,8.2,0.68,0,1.9,0.5800000000000001,60.06499999999999,11.926829268292684,74.55,7.663600000000001,0.5,Strong,6.194405391104672,False,False,False,False,False,True,False,False,False,True
Austria,AUT,UEFA,22,1644.5,3,4,3,0.458,1.39,1.02,4,10.0,0.37,79.9,1,359.0,31,13,4.5,55.6,82.5,0,6.7,0.48,0,1.2,0.3699999999999999,48.295,11.580645161290322,69.05,3.7,0.4,Mid,5.886104031450156,False,False,False,False,False,True,False,False,True,False
Wales,WAL,UEFA,34,1543.7,2,7,1,0.354,0.69,1.67,0,8.8,0.257,70.3,1,308.0,27,1,3.5,45.5,70.9,0,8.3,0.47,1,0.7,-0.98,40.394999999999996,11.407407407407407,58.2,2.2616,0.0,Mid,5.733341276897746,False,False,False,False,False,True,False,False,True,False
Italy,ITA,UEFA,5,1721.1,5,3,2,0.682,1.8,0.91,3,14.7,0.426,80.0,3,611.0,44,17,5.5,57.4,85.0,0,8.2,0.61,1,1.7,0.89,54.07,13.886363636363637,71.2,6.2622,0.3,Elite,6.416732282512326,False,False,False,False,False,True,False,True,False,False
Ecuador,ECU,CONMEBOL,27,1657.9,6,5,0,0.598,1.01,0.98,2,9.1,0.386,78.3,2,488.0,41,4,5.3,52.3,82.0,0,6.5,0.58,0,1.6363636363636365,0.030000000000000027,51.934999999999995,11.902439024390244,67.15,3.5126,0.2,Mid,6.192362489474872,False,False,False,True,False,False,False,False,True,False
Belgium,BEL,UEFA,7,1698.2,8,2,0,0.689,1.9,1.03,2,14.8,0.379,85.4,3,506.0,37,16,5.6,51.9,87.3,0,6.0,0.56,1,2.4,0.8699999999999999,56.379999999999995,13.675675675675675,69.6,5.6092,0.2,Elite,6.2285110035911835,False,False,False,False,False,True,False,True,False,False
Algeria,ALG,CAF,49,1496.0,2,5,3,0.235,0.71,1.25,0,8.5,0.269,75.4,1,234.0,31,3,3.2,45.8,75.0,0,7.6,0.4,1,0.9,-0.54,39.940000000000005,7.548387096774194,60.4,2.2865,0.0,Developing,5.459585514144159,False,True,False,False,False,False,True,False,False,False
Costa Rica,CRC,CONCACAF,47,1596.1,1,5,4,0.312,1.05,1.74,1,9.4,0.261,73.4,1,311.0,22,5,3.3,43.9,71.4,0,1.5,0.81,1,0.7,-0.69,40.36,14.136363636363637,57.650000000000006,2.4534000000000002,0.1,Developing,5.7430031878094825,False,False,True,False,False,False,True,False,False,False
Morocco,MAR,CAF,23,1714.7,3,3,4,0.501,1.1,1.3,1,10.4,0.411,81.0,3,509.0,35,14,5.4,49.5,79.4,0,10.7,0.41,1,1.3,-0.19999999999999996,52.26,14.542857142857143,64.45,4.2744,0.1,Mid,6.234410725718371,False,True,False,False,False,False,False,False,True,False
USA,USA,CONCACAF,35,1570.1,6,5,0,0.503,1.22,1.1,1,9.0,0.363,76.9,2,346.0,34,3,6.8,49.3,78.9,1,0.9,0.76,1,1.6363636363636365,0.11999999999999988,55.745000000000005,10.176470588235293,64.1,3.267,0.1,Mid,5.849324779946859,False,False,True,False,False,False,False,False,True,False
Italy,ITA,UEFA,10,1708.6,6,3,1,0.682,1.66,0.89,2,14.6,0.368,80.4,3,806.0,54,17,5.9,57.1,87.0,0,5.6,0.71,1,1.9,0.7699999999999999,55.61000000000001,14.925925925925926,72.05,5.3728,0.2,Elite,6.693323668269949,False,False,False,False,False,True,False,True,False,False
Italy,ITA,UEFA,13,1666.0,6,2,2,0.551,1.41,0.83,4,14.4,0.429,82.4,3,778.0,51,6,8.0,59.7,85.9,0,7.3,0.61,1,2.0,0.58,62.35,15.254901960784315,72.80000000000001,6.1776,0.4,Strong,6.658011045870748,False,False,False,False,False,True,False,False,False,True
New Zealand,NZL,OFC,48,1588.2,1,6,3,0.215,0.61,1.59,1,9.0,0.277,75.9,2,343.0,29,1,4.6,49.6,77.9,0,13.6,0.41,0,0.6,-0.9800000000000001,44.815,11.827586206896552,63.75,2.4930000000000003,0.1,Developing,5.840641657373398,False,False,False,False,True,False,True,False,False,False
Colombia,COL,CONMEBOL,12,1674.9,5,3,2,0.6,1.6,0.96,5,14.8,0.479,79.7,2,698.0,39,17,6.1,54.0,86.8,0,6.1,0.65,0,1.7,0.6400000000000001,55.245,17.897435897435898,70.4,7.0892,0.5,Strong,6.54965074223381,False,False,False,True,False,False,False,False,False,True
Japan,JPN,AFC,21,1621.8,6,4,0,0.43,1.62,0.83,3,12.9,0.394,80.5,1,424.0,44,5,5.4,53.7,75.6,0,8.4,0.56,1,1.8,0.7900000000000001,51.375,9.636363636363637,64.65,5.0826,0.3,Mid,6.052089168924417,True,False,False,False,False,False,False,False,True,False
Honduras,HON,CONCACAF,48,1546.6,1,4,5,0.363,0.95,1.56,1,10.4,0.255,76.0,1,229.0,21,1,4.5,41.8,78.4,0,2.4,0.78,0,0.8,-0.6100000000000001,45.98,10.904761904761905,60.1,2.652,0.1,Developing,5.438079308923196,False,False,True,False,False,False,True,False,False,False
Sweden,SWE,UEFA,12,1604.5,6,4,0,0.527,1.26,1.31,1,10.8,0.386,76.6,2,321.0,34,6,4.3,45.4,84.5,0,9.0,0.6,0,1.8,-0.050000000000000044,47.129999999999995,9.441176470588236,64.95,4.1688,0.1,Strong,5.7745515455444085,False,False,False,False,False,True,False,False,False,True
Morocco,MAR,CAF,31,1597.9,6,4,0,0.499,1.32,1.25,3,9.7,0.354,74.6,2,397.0,42,5,6.1,50.7,76.0,0,10.8,0.51,0,1.8,0.07000000000000006,52.449999999999996,9.452380952380953,63.35,3.4337999999999997,0.3,Mid,5.986452005284438,False,True,False,False,False,False,False,False,True,False
Colombia,COL,CONMEBOL,5,1753.1,5,2,3,0.706,1.46,1.15,4,16.5,0.363,85.0,3,710.0,55,8,8.1,51.8,86.8,0,6.2,0.75,1,1.8,0.31000000000000005,65.16,12.909090909090908,69.3,5.9895,0.4,Elite,6.566672429803241,False,False,False,True,False,False,False,True,False,False
Spain,ESP,UEFA,5,1930.1,8,1,1,0.747,2.76,0.68,7,18.2,0.418,87.1,5,955.0,47,20,7.8,58.7,88.6,0,5.3,0.63,1,2.5,2.0799999999999996,65.255,20.319148936170212,73.65,7.6076,0.7,Elite,6.862757913051401,False,False,False,False,False,True,False,True,False,False
Croatia,CRO,UEFA,13,1678.4,6,3,1,0.621,2.18,1.04,3,15.0,0.375,80.4,4,744.0,37,18,6.9,55.2,87.7,0,8.5,0.53,0,1.9,1.1400000000000001,58.50000000000001,20.10810810810811,71.45,5.625,0.3,Strong,6.61338421837956,False,False,False,False,False,True,False,False,False,True
Cameroon,CMR,CAF,45,1567.7,3,4,3,0.329,1.18,1.84,2,9.1,0.287,74.2,2,336.0,23,7,3.8,47.1,78.0,0,9.5,0.49,0,1.2,-0.6600000000000001,42.559999999999995,14.608695652173912,62.55,2.6117,0.2,Developing,5.820082930352362,False,True,False,False,False,False,True,False,False,False
Poland,POL,UEFA,16,1626.4,4,4,2,0.497,1.28,1.06,1,9.6,0.32,78.5,1,499.0,28,12,5.7,53.6,84.5,0,5.8,0.72,1,1.4,0.21999999999999997,52.394999999999996,17.821428571428573,69.05,3.072,0.1,Strong,6.214608098422191,False,False,False,False,False,True,False,False,False,True
Tunisia,TUN,CAF,37,1437.0,1,4,5,0.402,0.71,1.78,0,9.7,0.231,74.0,1,379.0,33,5,4.9,47.3,71.7,0,7.9,0.4,0,0.8,-1.07,47.07,11.484848484848484,59.5,2.2407,0.0,Developing,5.940171252720432,False,True,False,False,False,False,True,False,False,False
Germany,DEU,UEFA,15,1707.3,8,2,0,0.58,1.9,0.67,3,16.8,0.41,80.5,3,515.0,44,18,7.6,60.9,89.7,0,6.6,0.55,0,2.4,1.23,60.57499999999999,11.704545454545455,75.3,6.888,0.3,Strong,6.246106765481563,False,False,False,False,False,True,False,False,False,True
Morocco,MAR,CAF,20,1679.8,3,5,2,0.51,1.19,1.36,3,10.1,0.321,76.5,1,363.0,32,15,5.4,49.7,75.5,0,8.7,0.49,1,1.1,-0.17000000000000015,50.775,11.34375,62.6,3.2420999999999998,0.3,Strong,5.8971538676367405,False,True,False,False,False,False,False,False,False,True
Egypt,EGY,CAF,44,1568.5,1,6,3,0.317,1.15,2.12,1,6.8,0.29,70.6,1,370.0,33,3,4.4,48.9,76.4,0,8.6,0.45,1,0.6,-0.9700000000000002,43.28,11.212121212121213,62.650000000000006,1.9719999999999998,0.1,Developing,5.916202062607435,False,True,False,False,False,False,True,False,False,False
Mexico,MEX,CONCACAF,23,1660.9,5,3,2,0.491,1.01,0.91,4,10.5,0.397,77.4,1,286.0,40,14,5.0,50.8,82.7,1,1.4,0.87,1,1.7,0.09999999999999998,49.5,7.15,66.75,4.1685,0.4,Mid,5.659482215759621,False,False,True,False,False,False,False,False,True,False
Ecuador,ECU,CONMEBOL,13,1639.3,5,3,2,0.411,1.27,1.43,3,9.4,0.34,76.8,1,378.0,45,3,5.4,46.9,81.1,0,7.7,0.58,0,1.7,-0.15999999999999992,49.89,8.4,64.0,3.196,0.3,Strong,5.937536205082426,False,False,False,True,False,False,False,False,False,True
Argentina,ARG,CONMEBOL,4,1981.8,9,2,0,0.82,2.57,0.56,3,18.7,0.425,83.3,5,945.0,65,17,9.5,59.9,85.3,0,4.2,0.72,1,2.4545454545454546,2.01,70.605,14.538461538461538,72.6,7.9475,0.3,Elite,6.852242569051878,False,False,False,True,False,False,False,True,False,False
China,CHN,AFC,37,1523.6,2,7,1,0.422,1.07,2.01,0,8.1,0.257,73.4,0,346.0,18,4,5.1,47.6,79.4,0,8.5,0.64,0,0.7,-0.9399999999999997,47.76,19.22222222222222,63.5,2.0817,0.0,Developing,5.849324779946859,True,False,False,False,False,False,True,False,False,False
Serbia,SRB,UEFA,15,1603.1,5,2,3,0.48,1.3,0.9,3,9.2,0.318,78.9,3,412.0,31,11,4.5,49.8,79.6,0,5.6,0.67,0,1.8,0.4,48.165,13.290322580645162,64.69999999999999,2.9255999999999998,0.3,Strong,6.023447592961033,False,False,False,False,False,True,False,False,False,True
Portugal,POR,UEFA,16,1666.2,7,3,0,0.698,1.41,0.93,5,15.5,0.472,80.7,2,727.0,36,16,7.4,54.8,87.2,0,8.5,0.53,0,2.1,0.47999999999999987,61.12499999999999,20.194444444444443,71.0,7.316,0.5,Strong,6.590301048196686,False,False,False,False,False,True,False,False,False,True
England,ENG,UEFA,6,1888.8,8,1,1,0.815,2.55,0.52,3,15.9,0.548,85.1,5,731.0,63,9,7.7,58.5,91.7,0,8.7,0.7,1,2.5,2.03,64.88499999999999,11.603174603174603,75.1,8.7132,0.3,Elite,6.595780513961311,False,False,False,False,False,True,False,True,False,False
Morocco,MAR,CAF,13,1555.7,6,5,0,0.497,1.6,1.14,2,12.3,0.366,80.2,3,268.0,32,13,6.5,46.5,84.3,0,7.6,0.49,1,1.6363636363636365,0.4600000000000002,55.79,8.375,65.4,4.5018,0.2,Strong,5.594711379601839,False,True,False,False,False,False,False,False,False,True
Morocco,MAR,CAF,19,1513.0,5,2,3,0.483,1.31,0.86,1,10.0,0.326,80.4,1,471.0,45,13,6.3,55.8,79.2,0,9.9,0.52,1,1.8,0.45000000000000007,55.019999999999996,10.466666666666667,67.5,3.2600000000000002,0.1,Strong,6.156978985585555,False,True,False,False,False,False,False,False,False,True
Argentina,ARG,CONMEBOL,7,1930.0,7,2,1,0.832,2.15,0.86,7,14.7,0.546,87.0,3,1194.0,48,23,8.3,61.3,88.1,0,6.0,0.6,0,2.2,1.29,67.82,24.875,74.69999999999999,8.0262,0.7,Elite,7.085901464365611,False,False,False,True,False,False,False,True,False,False
Honduras,HON,CONCACAF,45,1524.6,2,7,1,0.388,0.65,1.23,2,6.4,0.227,73.6,1,283.0,20,7,5.2,47.2,78.7,0,2.9,0.89,0,0.7,-0.58,47.839999999999996,14.15,62.95,1.4528,0.2,Developing,5.648974238161206,False,False,True,False,False,False,True,False,False,False
Paraguay,PAR,CONMEBOL,47,1562.1,2,7,1,0.308,0.83,1.7,0,6.7,0.226,70.4,1,361.0,16,8,2.4,48.3,76.2,0,6.2,0.73,1,0.7,-0.87,36.12,22.5625,62.25,1.5142,0.0,Developing,5.8916442118257715,False,False,False,True,False,False,True,False,False,False
Switzerland,SUI,UEFA,35,1697.4,5,3,2,0.439,1.65,0.87,1,9.1,0.338,79.5,2,476.0,37,9,6.3,52.5,84.8,0,7.3,0.51,1,1.7,0.7799999999999999,54.265,12.864864864864865,68.65,3.0758,0.1,Mid,6.1675164908883415,False,False,False,False,False,True,False,False,True,False
Argentina,ARG,CONMEBOL,6,1796.9,6,1,3,0.662,2.2,0.99,5,14.7,0.41,88.3,5,764.0,65,8,9.2,67.7,91.3,0,5.7,0.58,1,2.1,1.2100000000000002,69.725,11.753846153846155,79.5,6.026999999999999,0.5,Elite,6.639875833826536,False,False,False,True,False,False,False,True,False,False
Jamaica,JAM,CONCACAF,30,1598.0,1,6,3,0.248,1.16,1.56,2,8.8,0.33,72.0,1,320.0,32,8,4.4,43.3,70.5,0,0.7,0.88,1,0.6,-0.40000000000000013,43.08,10.0,56.9,2.9040000000000004,0.2,Mid,5.771441123130016,False,False,True,False,False,False,False,False,True,False
Denmark,DEN,UEFA,24,1661.5,5,2,3,0.47,1.16,1.36,4,12.7,0.338,74.7,1,340.0,25,14,4.4,48.5,78.6,0,5.1,0.48,1,1.8,-0.20000000000000018,46.245000000000005,13.6,63.55,4.2926,0.4,Mid,5.831882477283517,False,False,False,False,False,True,False,False,True,False
Ghana,GHA,CAF,50,1412.9,3,5,2,0.243,0.55,1.87,2,7.4,0.316,76.0,1,255.0,23,5,4.0,49.9,71.8,0,8.9,0.32,0,1.1,-1.32,43.029999999999994,11.08695652173913,60.849999999999994,2.3384,0.2,Developing,5.545177444479562,False,True,False,False,False,False,True,False,False,False
Japan,JPN,AFC,33,1672.1,5,4,1,0.509,1.48,0.97,2,12.6,0.414,75.8,1,267.0,26,8,4.3,49.4,80.8,0,9.3,0.31,0,1.6,0.51,46.67,10.26923076923077,65.1,5.216399999999999,0.2,Mid,5.5909869805108565,True,False,False,False,False,False,False,False,True,False
Netherlands,NED,UEFA,12,1800.2,6,2,2,0.664,1.41,0.98,2,15.2,0.374,80.2,3,547.0,36,14,8.2,56.2,83.0,0,6.8,0.55,0,2.0,0.42999999999999994,63.41,15.194444444444445,69.6,5.6848,0.2,Strong,6.306275286948016,False,False,False,False,False,True,False,False,False,True
Jamaica,JAM,CONCACAF,48,1539.0,2,4,4,0.285,0.7,1.42,0,7.3,0.263,74.2,1,219.0,35,3,3.3,44.3,79.6,0,2.4,0.75,0,1.0,-0.72,40.37,6.257142857142857,61.949999999999996,1.9199,0.0,Developing,5.393627546352362,False,False,True,False,False,False,True,False,False,False
China,CHN,AFC,43,1562.0,3,4,3,0.23,0.52,1.5,2,10.8,0.257,71.9,1,211.0,21,10,3.0,46.3,75.0,0,8.9,0.34,0,1.2,-0.98,37.964999999999996,10.047619047619047,60.65,2.7756000000000003,0.2,Developing,5.356586274672012,True,False,False,False,False,False,True,False,False,False
Portugal,POR,UEFA,18,1785.6,7,2,1,0.693,1.92,1.03,3,12.7,0.412,81.1,3,538.0,35,19,5.3,50.1,81.0,0,7.6,0.62,1,2.2,0.8899999999999999,53.864999999999995,15.371428571428572,65.55,5.232399999999999,0.3,Strong,6.289715570908998,False,False,False,False,False,True,False,False,False,True
Morocco,MAR,CAF,34,1661.1,4,2,4,0.507,1.49,0.86,2,12.0,0.345,76.5,2,421.0,32,8,6.0,46.8,83.5,0,9.3,0.44,0,1.6,0.63,52.845,13.15625,65.15,4.14,0.2,Mid,6.045005314036012,False,True,False,False,False,False,False,False,True,False
Uruguay,URU,CONMEBOL,16,1806.0,5,1,4,0.555,1.54,0.73,2,14.9,0.361,83.2,4,812.0,53,17,6.8,51.1,83.4,0,7.2,0.59,1,1.9,0.81,58.47,15.320754716981131,67.25,5.3789,0.2,Strong,6.70073110954781,False,False,False,True,False,False,False,False,False,True
Egypt,EGY,CAF,43,1473.9,1,4,5,0.411,0.72,1.96,0,10.9,0.254,75.0,2,362.0,35,5,7.8,40.3,76.0,0,10.2,0.48,0,0.8,-1.24,57.66,10.342857142857143,58.15,2.7686,0.0,Developing,5.8944028342648505,False,True,False,False,False,False,True,False,False,False
Japan,JPN,AFC,31,1677.3,6,2,2,0.453,1.22,1.44,1,9.5,0.345,75.7,2,529.0,37,8,5.9,53.4,84.7,0,10.2,0.52,0,2.0,-0.21999999999999997,51.675000000000004,14.297297297297296,69.05,3.2775,0.1,Mid,6.272877006546167,True,False,False,False,False,False,False,False,True,False
Chile,CHI,CONMEBOL,40,1576.4,1,7,2,0.207,1.15,1.5,0,9.9,0.284,76.2,1,292.0,24,7,2.2,44.0,79.7,0,5.7,0.6,0,0.5,-0.3500000000000001,36.44,12.166666666666666,61.85,2.8116,0.0,Developing,5.680172609017068,False,False,False,True,False,False,True,False,False,False
Wales,WAL,UEFA,47,1507.9,1,4,5,0.259,0.9,2.0,1,10.5,0.335,72.6,1,278.0,22,9,4.6,48.5,75.9,0,8.4,0.69,0,0.8,-1.1,44.099999999999994,12.636363636363637,62.2,3.5175,0.1,Developing,5.631211781821365,False,False,False,False,False,True,True,False,False,False
Netherlands,NED,UEFA,7,1771.1,5,2,3,0.575,1.72,1.16,5,14.6,0.371,85.3,3,576.0,35,6,7.1,58.5,89.4,0,7.7,0.46,1,1.8,0.56,60.455,16.457142857142856,73.95,5.4166,0.5,Elite,6.3578422665081,False,False,False,False,False,True,False,True,False,False
Saudi Arabia,KSA,AFC,49,1472.4,1,6,3,0.266,1.27,1.44,0,9.6,0.324,75.4,0,347.0,21,4,4.7,46.5,71.5,0,10.0,0.35,0,0.6,-0.16999999999999993,45.5,16.523809523809526,59.0,3.1104,0.0,Developing,5.8522024797744745,True,False,False,False,False,False,True,False,False,False
Colombia,COL,CONMEBOL,13,1755.7,5,3,2,0.604,1.66,1.02,4,15.2,0.357,82.4,4,592.0,45,20,6.9,61.9,87.4,0,6.2,0.63,1,1.7,0.6399999999999999,59.03,13.155555555555555,74.65,5.426399999999999,0.4,Strong,6.385194398997726,False,False,False,True,False,False,False,False,False,True
Algeria,ALG,CAF,50,1516.8,2,7,1,0.281,1.01,2.03,2,8.0,0.302,74.0,2,237.0,29,5,3.4,47.7,74.9,0,10.7,0.36,0,0.7,-1.0199999999999998,40.61,8.172413793103448,61.300000000000004,2.416,0.2,Developing,5.472270673671475,False,True,False,False,False,False,True,False,False,False
Japan,JPN,AFC,18,1606.9,6,4,0,0.422,1.15,1.48,3,9.5,0.402,76.3,2,464.0,43,15,5.5,53.2,81.6,0,11.1,0.31,0,1.8,-0.33000000000000007,50.175,10.790697674418604,67.4,3.8190000000000004,0.3,Strong,6.142037405587356,True,False,False,False,False,False,False,False,False,True
Costa Rica,CRC,CONCACAF,49,1542.2,3,4,3,0.397,1.0,2.04,0,8.0,0.242,73.8,2,370.0,34,2,3.8,41.2,76.1,0,3.0,0.94,0,1.2,-1.04,43.099999999999994,10.882352941176471,58.65,1.936,0.0,Developing,5.916202062607435,False,False,True,False,False,False,True,False,False,False
Netherlands,NED,UEFA,16,1768.9,6,1,3,0.636,2.17,1.17,5,16.3,0.446,81.6,4,697.0,49,18,5.8,51.3,81.4,0,6.9,0.56,1,2.1,1.0,55.22,14.224489795918368,66.35,7.2698,0.5,Strong,6.548219102762372,False,False,False,False,False,True,False,False,False,True
Belgium,BEL,UEFA,5,1711.2,8,3,0,0.676,1.69,1.11,3,16.3,0.42,81.4,4,587.0,43,19,6.9,59.9,89.7,0,8.2,0.47,1,2.1818181818181817,0.5799999999999998,59.4,13.651162790697674,74.8,6.846,0.3,Elite,6.376726947898627,False,False,False,False,False,True,False,True,False,False
Australia,AUS,AFC,21,1574.2,3,4,3,0.56,1.69,1.36,3,13.2,0.323,75.1,1,316.0,31,6,5.9,49.9,78.3,0,13.7,0.32,0,1.2,0.32999999999999985,52.535000000000004,10.193548387096774,64.1,4.2636,0.3,Mid,5.75890177387728,True,False,False,False,False,False,False,False,True,False
Honduras,HON,CONCACAF,44,1599.0,1,4,5,0.428,0.86,1.88,2,9.8,0.227,73.9,2,310.0,18,9,2.8,42.2,75.9,0,2.1,0.7,0,0.8,-1.02,39.945,17.22222222222222,59.050000000000004,2.2246,0.2,Developing,5.739792912179234,False,False,True,False,False,False,True,False,False,False
Denmark,DEN,UEFA,28,1708.9,3,2,5,0.468,1.49,1.39,3,13.0,0.395,80.7,3,344.0,37,13,4.6,53.6,83.2,0,6.9,0.51,1,1.4,0.10000000000000009,49.025,9.297297297297296,68.4,5.135,0.3,Mid,5.84354441703136,False,False,False,False,False,True,False,False,True,False
England,ENG,UEFA,1,1831.8,7,1,2,0.668,2.34,0.45,6,17.5,0.504,89.2,4,828.0,49,15,8.9,55.7,86.9,0,8.5,0.64,1,2.3,1.89,69.05000000000001,16.897959183673468,71.30000000000001,8.82,0.6,Elite,6.720220155135295,False,False,False,False,False,True,False,True,False,False
South Korea,KOR,AFC,13,1607.5,3,4,3,0.414,1.34,0.86,3,9.8,0.331,80.5,1,334.0,44,5,4.5,52.3,78.7,0,9.6,0.32,1,1.2,0.4800000000000001,48.065,7.590909090909091,65.5,3.2438000000000002,0.3,Strong,5.814130531825066,True,False,False,False,False,False,False,False,False,True
Croatia,CRO,UEFA,10,1813.1,5,1,4,0.553,1.52,0.75,4,16.8,0.465,82.9,2,454.0,53,17,7.4,61.8,89.8,0,5.2,0.49,0,1.9,0.77,60.44500000000001,8.566037735849056,75.8,7.812000000000001,0.4,Elite,6.12029741895095,False,False,False,False,False,True,False,True,False,False
Morocco,MAR,CAF,16,1657.9,6,3,1,0.486,1.19,1.21,4,13.8,0.388,76.1,2,321.0,35,3,4.5,51.1,76.9,0,10.1,0.4,0,1.9,-0.020000000000000018,47.245,9.17142857142857,64.0,5.3544,0.4,Strong,5.7745515455444085,False,True,False,False,False,False,False,False,False,True
Morocco,MAR,CAF,22,1501.1,5,4,1,0.471,1.15,1.34,2,10.8,0.388,80.6,2,373.0,39,8,5.5,51.0,81.7,0,9.6,0.42,1,1.6,-0.19000000000000017,52.169999999999995,9.564102564102564,66.35,4.1904,0.2,Mid,5.924255797414532,False,True,False,False,False,False,False,False,True,False
USA,USA,CONCACAF,29,1702.8,3,2,5,0.423,1.66,0.95,3,11.6,0.33,77.3,2,298.0,35,8,6.1,50.4,83.1,1,1.7,0.95,1,1.4,0.71,52.63499999999999,8.514285714285714,66.75,3.828,0.3,Mid,5.700443573390687,False,False,True,False,False,False,False,False,True,False
Italy,ITA,UEFA,11,1757.1,5,3,2,0.555,1.89,0.85,5,14.6,0.401,81.1,2,754.0,40,10,8.2,50.4,86.8,0,5.4,0.57,0,1.7,1.04,62.63499999999999,18.85,68.6,5.8546000000000005,0.5,Strong,6.626717749249025,False,False,False,False,False,True,False,False,False,True
Spain,ESP,UEFA,4,1920.8,8,1,1,0.75,2.77,0.48,7,17.5,0.473,86.6,3,915.0,63,25,9.6,59.5,92.0,0,8.1,0.54,1,2.5,2.29,71.41,14.523809523809524,75.75,8.2775,0.7,Elite,6.82001636467413,False,False,False,False,False,True,False,True,False,False
Ecuador,ECU,CONMEBOL,14,1578.8,5,3,2,0.583,1.35,1.27,4,13.3,0.399,74.9,3,324.0,28,11,8.5,47.4,76.2,0,5.9,0.57,0,1.7,0.08000000000000007,61.795,11.571428571428571,61.8,5.3067,0.4,Strong,5.783825182329737,False,False,False,True,False,False,False,False,False,True
Senegal,SEN,CAF,17,1550.0,6,2,2,0.569,1.27,1.19,2,9.3,0.31,79.3,1,348.0,31,13,4.7,52.9,75.8,0,7.0,0.34,0,2.0,0.08000000000000007,49.894999999999996,11.225806451612904,64.35,2.883,0.2,Strong,5.855071922202427,False,True,False,False,False,False,False,False,False,True
Portugal,POR,UEFA,14,1827.5,7,1,2,0.572,1.4,1.16,4,14.3,0.447,83.5,2,610.0,38,9,7.2,61.1,87.1,0,6.3,0.5,1,2.3,0.24,60.144999999999996,16.05263157894737,74.1,6.3921,0.4,Strong,6.415096959171596,False,False,False,False,False,True,False,False,False,True
Iran,IRN,AFC,41,1589.3,1,5,4,0.279,0.62,1.2,2,9.5,0.357,70.3,0,321.0,31,3,0.5,49.2,78.4,0,13.4,0.46,0,0.7,-0.58,29.144999999999996,10.35483870967742,63.800000000000004,3.3914999999999997,0.2,Developing,5.7745515455444085,True,False,False,False,False,False,True,False,False,False
France,FRA,UEFA,7,1934.5,9,2,0,0.744,2.23,0.79,4,14.6,0.415,86.4,4,783.0,58,21,9.5,67.0,86.1,0,8.6,0.69,1,2.4545454545454546,1.44,70.92999999999999,13.5,76.55,6.058999999999999,0.4,Elite,6.664409020350408,False,False,False,False,False,True,False,True,False,False
Cameroon,CMR,CAF,37,1461.6,1,7,2,0.365,0.99,1.31,1,6.8,0.304,72.4,2,263.0,28,2,3.5,42.3,80.0,0,10.0,0.37,0,0.5,-0.32000000000000006,41.24,9.392857142857142,61.15,2.0671999999999997,0.1,Developing,5.575949103146316,False,True,False,False,False,False,True,False,False,False
Canada,CAN,CONCACAF,33,1409.0,4,6,0,0.208,0.7,2.18,1,9.6,0.346,71.1,2,377.0,24,3,2.8,46.4,76.3,1,1.3,0.85,0,1.2,-1.4800000000000002,36.76499999999999,15.708333333333334,61.349999999999994,3.3215999999999997,0.1,Mid,5.934894195619588,False,False,True,False,False,False,False,False,True,False
Costa Rica,CRC,CONCACAF,33,1510.6,1,7,2,0.371,0.95,1.33,0,8.5,0.351,73.8,2,328.0,30,10,2.4,42.7,72.7,0,1.2,0.75,0,0.5,-0.3800000000000001,37.94,10.933333333333334,57.7,2.9835,0.0,Mid,5.796057750765372,False,False,True,False,False,False,False,False,True,False
Uruguay,URU,CONMEBOL,18,1704.7,8,3,0,0.554,1.71,0.64,3,12.2,0.453,83.9,4,633.0,50,9,7.1,50.6,85.4,0,7.3,0.62,0,2.1818181818181817,1.0699999999999998,59.754999999999995,12.66,68.0,5.5266,0.3,Strong,6.452048954437226,False,False,False,True,False,False,False,False,False,True
Austria,AUT,UEFA,33,1661.6,3,4,3,0.438,1.47,1.3,3,12.7,0.4,78.5,1,544.0,35,5,6.9,50.1,82.5,0,5.3,0.71,1,1.2,0.16999999999999993,56.005,15.542857142857143,66.3,5.08,0.3,Mid,6.300785794663244,False,False,False,False,False,True,False,False,True,False
Costa Rica,CRC,CONCACAF,39,1590.1,2,5,3,0.374,0.86,2.01,2,6.6,0.342,72.5,0,229.0,25,9,5.5,47.5,73.0,0,0.9,0.83,0,0.9,-1.15,48.365,9.16,60.25,2.2572,0.2,Developing,5.438079308923196,False,False,True,False,False,False,True,False,False,False
China,CHN,AFC,29,1542.8,4,5,1,0.341,1.08,1.68,2,7.9,0.337,75.2,2,240.0,21,9,5.3,46.6,77.3,0,10.0,0.52,0,1.3,-0.5999999999999999,48.28,11.428571428571429,61.95,2.6623,0.2,Mid,5.484796933490655,True,False,False,False,False,False,False,False,True,False
Denmark,DEN,UEFA,26,1688.7,5,2,3,0.53,1.48,1.19,1,9.9,0.317,80.4,1,260.0,43,14,4.7,47.1,77.9,0,5.9,0.7,0,1.8,0.29000000000000004,49.89,6.046511627906977,62.5,3.1383,0.1,Mid,5.564520407322694,False,False,False,False,False,True,False,False,True,False
Brazil,BRA,CONMEBOL,1,1789.9,8,2,0,0.682,1.98,0.74,3,18.6,0.495,84.7,5,1095.0,54,16,10.0,65.4,94.5,0,4.6,0.67,1,2.4,1.24,71.465,20.27777777777778,79.95,9.207,0.3,Elite,6.999422467507961,False,False,False,True,False,False,False,True,False,False
Japan,JPN,AFC,18,1561.8,5,2,3,0.51,1.22,0.91,3,9.8,0.302,77.1,1,316.0,38,12,5.7,45.3,76.8,0,8.3,0.6,1,1.8,0.30999999999999994,52.035,8.31578947368421,61.05,2.9596,0.3,Strong,5.75890177387728,True,False,False,False,False,False,False,False,False,True
Australia,AUS,AFC,13,1640.4,3,3,4,0.509,1.05,1.0,4,10.4,0.381,79.2,2,457.0,31,8,5.5,52.0,79.8,0,13.1,0.53,1,1.3,0.050000000000000044,52.06,14.741935483870968,65.9,3.9624,0.4,Strong,6.126869184114185,True,False,False,False,False,False,False,False,False,True
Ukraine,UKR,UEFA,29,1443.0,1,6,3,0.223,0.56,1.6,0,7.1,0.261,76.4,0,258.0,16,7,4.7,45.8,71.2,0,6.7,0.53,0,0.6,-1.04,45.419999999999995,16.125,58.5,1.8531,0.0,Mid,5.556828061699537,False,False,False,False,False,True,False,False,True,False
Ukraine,UKR,UEFA,30,1548.5,4,4,2,0.262,0.91,1.58,0,8.9,0.26,75.1,1,202.0,28,4,4.6,40.5,77.0,0,6.3,0.55,0,1.4,-0.67,45.00499999999999,7.214285714285714,58.75,2.314,0.0,Mid,5.313205979041787,False,False,False,False,False,True,False,False,True,False
USA,USA,CONCACAF,28,1631.0,5,5,0,0.53,1.28,1.2,1,11.5,0.368,79.0,1,394.0,41,10,4.9,50.6,80.7,1,0.6,0.83,1,1.5,0.08000000000000007,50.099999999999994,9.609756097560975,65.65,4.232,0.1,Mid,5.978885764901122,False,False,True,False,False,False,False,False,True,False
South Korea,KOR,AFC,22,1700.5,3,5,2,0.536,1.65,1.18,1,9.7,0.393,80.0,3,252.0,31,12,5.4,50.1,84.5,0,11.6,0.35,1,1.1,0.47,52.260000000000005,8.129032258064516,67.3,3.8121,0.1,Mid,5.53338948872752,True,False,False,False,False,False,False,False,True,False
USA,USA,CONCACAF,34,1613.1,3,5,2,0.529,1.27,0.93,3,13.6,0.363,75.3,3,357.0,30,9,6.0,45.4,81.8,1,1.9,0.94,0,1.1,0.33999999999999997,52.644999999999996,11.9,63.599999999999994,4.9368,0.3,Mid,5.8805329864007,False,False,True,False,False,False,False,False,True,False
Ghana,GHA,CAF,35,1554.6,3,6,1,0.326,1.18,1.91,0,8.0,0.276,72.8,2,374.0,25,4,3.6,45.4,77.3,0,10.9,0.48,1,1.0,-0.73,41.339999999999996,14.96,61.349999999999994,2.208,0.0,Mid,5.926926025970411,False,True,False,False,False,False,False,False,True,False
Colombia,COL,CONMEBOL,9,1682.2,8,3,0,0.624,1.85,1.15,5,14.0,0.381,85.2,3,512.0,37,11,6.0,55.2,83.9,0,5.4,0.55,0,2.1818181818181817,0.7000000000000002,57.06,13.837837837837839,69.55000000000001,5.334,0.5,Elite,6.240275845170769,False,False,False,True,False,False,False,True,False,False
Sweden,SWE,UEFA,20,1526.3,4,4,2,0.6,1.41,1.28,4,12.2,0.374,75.3,1,373.0,33,8,4.7,52.6,75.5,0,7.5,0.61,1,1.4,0.1299999999999999,48.80499999999999,11.303030303030303,64.05,4.562799999999999,0.4,Strong,5.924255797414532,False,False,False,False,False,True,False,False,False,True
England,ENG,UEFA,1,1945.3,8,0,2,0.672,2.25,0.74,5,15.2,0.55,84.4,5,767.0,57,19,7.9,64.3,92.4,0,8.4,0.65,0,2.6,1.51,63.91,13.456140350877194,78.35,8.36,0.5,Elite,6.643789733147672,False,False,False,False,False,True,False,True,False,False
Switzerland,SUI,UEFA,15,1574.4,5,2,3,0.578,1.58,1.14,3,13.5,0.344,79.1,2,541.0,29,4,6.0,54.3,82.8,0,5.8,0.62,0,1.8,0.44000000000000017,54.464999999999996,18.655172413793103,68.55,4.643999999999999,0.3,Strong,6.295266001439646,False,False,False,False,False,True,False,False,False,True
New Zealand,NZL,OFC,35,1417.3,3,6,1,0.379,0.76,1.53,0,9.8,0.242,71.1,2,258.0,27,9,3.5,47.3,72.0,0,10.3,0.49,0,1.0,-0.77,40.925,9.555555555555555,59.65,2.3716,0.0,Mid,5.556828061699537,False,False,False,False,True,False,False,False,True,False
Croatia,CRO,UEFA,17,1826.8,8,3,0,0.568,1.62,0.94,3,13.9,0.447,80.2,3,817.0,39,14,6.2,52.0,88.0,0,6.2,0.6,0,2.1818181818181817,0.6800000000000002,55.449999999999996,20.94871794871795,70.0,6.2133,0.3,Strong,6.706862336602747,False,False,False,False,False,True,False,False,False,True
Ecuador,ECU,CONMEBOL,18,1700.5,5,5,0,0.472,1.25,0.99,2,11.0,0.327,75.7,1,281.0,26,9,5.1,51.3,79.1,0,7.2,0.66,1,1.5,0.26,49.065,10.807692307692308,65.19999999999999,3.597,0.2,Strong,5.641907070938114,False,False,False,True,False,False,False,False,False,True
Sweden,SWE,UEFA,18,1634.7,4,3,3,0.49,1.6,1.41,4,13.1,0.344,76.6,2,364.0,44,8,5.9,50.2,76.7,0,8.4,0.71,0,1.5,0.19000000000000017,52.35999999999999,8.272727272727273,63.45,4.506399999999999,0.4,Strong,5.8998973535824915,False,False,False,False,False,True,False,False,False,True
Wales,WAL,UEFA,49,1409.4,2,7,1,0.438,1.18,1.46,2,9.4,0.288,76.4,1,282.0,17,8,3.3,40.6,70.4,0,6.6,0.67,0,0.7,-0.28,42.67,16.58823529411765,55.5,2.7072,0.2,Developing,5.645446897643238,False,False,False,False,False,True,True,False,False,False
Wales,WAL,UEFA,50,1520.1,2,7,1,0.277,1.03,1.74,1,6.9,0.304,75.8,1,300.0,25,2,3.6,49.9,74.3,0,6.8,0.6,0,0.7,-0.71,41.9,12.0,62.099999999999994,2.0976,0.1,Developing,5.707110264748875,False,False,False,False,False,True,True,False,False,False
Wales,WAL,UEFA,49,1453.8,4,5,1,0.243,0.69,1.66,2,8.5,0.285,73.5,1,304.0,30,3,3.5,44.9,72.5,0,5.7,0.57,0,1.3,-0.97,40.404999999999994,10.133333333333333,58.7,2.4225,0.2,Developing,5.720311776607412,False,False,False,False,False,True,True,False,False,False
Uruguay,URU,CONMEBOL,12,1775.3,7,2,1,0.694,1.46,1.19,4,12.8,0.357,83.1,2,617.0,46,8,7.1,57.8,87.1,0,7.9,0.77,1,2.2,0.27,60.87499999999999,13.41304347826087,72.44999999999999,4.5696,0.4,Strong,6.42648845745769,False,False,False,True,False,False,False,False,False,True
Italy,ITA,UEFA,9,1660.1,7,3,0,0.554,2.19,1.03,3,13.2,0.427,83.8,4,699.0,51,13,9.8,53.3,85.5,0,7.3,0.58,1,2.1,1.16,69.17,13.705882352941176,69.4,5.636399999999999,0.3,Elite,6.551080335043404,False,False,False,False,False,True,False,True,False,False
Ghana,GHA,CAF,39,1499.5,4,5,1,0.358,1.1,1.49,2,10.3,0.268,76.6,0,334.0,31,9,5.1,43.5,75.3,0,7.1,0.55,1,1.3,-0.3899999999999999,48.239999999999995,10.774193548387096,59.4,2.7604,0.2,Developing,5.814130531825066,False,True,False,False,False,False,True,False,False,False
Tunisia,TUN,CAF,49,1450.1,2,7,1,0.325,0.82,2.14,0,9.4,0.274,74.6,1,258.0,18,7,4.9,42.7,79.7,0,8.3,0.3,0,0.7,-1.3200000000000003,46.51,14.333333333333334,61.2,2.5756,0.0,Developing,5.556828061699537,False,True,False,False,False,False,True,False,False,False
Ukraine,UKR,UEFA,50,1598.1,2,4,4,0.396,0.68,1.42,2,6.8,0.23,70.1,1,337.0,29,7,2.3,42.0,73.3,0,7.3,0.63,0,1.0,-0.7399999999999999,36.544999999999995,11.620689655172415,57.65,1.564,0.2,Developing,5.823045895483019,False,False,False,False,False,True,True,False,False,False
Brazil,BRA,CONMEBOL,5,1950.2,7,1,2,0.759,2.45,0.77,7,16.1,0.465,84.8,4,1055.0,45,25,9.8,64.3,86.6,0,6.0,0.78,1,2.3,1.6800000000000002,71.57000000000001,23.444444444444443,75.44999999999999,7.486500000000001,0.7,Elite,6.962243464266207,False,False,False,True,False,False,False,True,False,False
France,FRA,UEFA,2,1906.7,8,2,0,0.782,1.84,0.88,3,19.4,0.428,83.9,4,1159.0,42,8,7.3,56.7,85.9,0,6.7,0.55,1,2.4,0.9600000000000001,62.735,27.595238095238095,71.30000000000001,8.303199999999999,0.3,Elite,7.05617528410041,False,False,False,False,False,True,False,True,False,False
Poland,POL,UEFA,30,1557.1,5,5,0,0.568,1.24,0.95,3,9.9,0.321,78.4,1,424.0,26,5,5.2,51.5,79.0,0,8.3,0.72,1,1.5,0.29000000000000004,51.32,16.307692307692307,65.25,3.1779,0.3,Mid,6.052089168924417,False,False,False,False,False,True,False,False,True,False
Egypt,EGY,CAF,38,1559.5,3,7,0,0.371,0.58,1.72,1,7.4,0.359,72.3,2,220.0,34,4,2.8,47.7,74.4,0,9.8,0.29,0,0.9,-1.1400000000000001,38.815,6.470588235294118,61.050000000000004,2.6566,0.1,Developing,5.3981627015177525,False,True,False,False,False,False,True,False,False,False
Honduras,HON,CONCACAF,38,1500.4,1,5,4,0.22,0.53,1.48,1,6.4,0.323,71.9,0,366.0,33,2,3.6,46.0,74.2,0,2.8,0.93,0,0.7,-0.95,39.965,11.090909090909092,60.1,2.0672,0.1,Developing,5.905361848054571,False,False,True,False,False,False,True,False,False,False
Cameroon,CMR,CAF,42,1465.4,4,4,2,0.382,1.26,1.62,0,10.7,0.3,75.3,2,352.0,15,5,2.0,41.6,75.2,0,7.2,0.55,0,1.4,-0.3600000000000001,37.175,23.466666666666665,58.400000000000006,3.2099999999999995,0.0,Developing,5.8664680569332965,False,True,False,False,False,False,True,False,False,False
Mexico,MEX,CONCACAF,34,1711.5,5,4,1,0.551,1.16,1.26,4,9.7,0.338,76.4,1,519.0,35,8,5.8,47.7,78.2,1,1.3,0.87,1,1.6,-0.10000000000000009,52.550000000000004,14.82857142857143,62.95,3.2786,0.4,Mid,6.253828811575473,False,False,True,False,False,False,False,False,True,False
Argentina,ARG,CONMEBOL,8,1813.0,8,2,0,0.752,2.1,0.74,3,14.4,0.522,87.1,5,1003.0,61,21,7.2,58.6,86.0,0,6.0,0.76,1,2.4,1.36,63.205,16.442622950819672,72.3,7.516800000000001,0.3,Elite,6.911747300251674,False,False,False,True,False,False,False,True,False,False
Poland,POL,UEFA,18,1668.5,4,4,2,0.561,1.46,1.43,3,9.7,0.41,78.7,1,463.0,40,4,5.0,46.3,78.4,0,7.9,0.62,0,1.4,0.030000000000000027,50.655,11.575,62.35,3.9769999999999994,0.3,Strong,6.139884552226255,False,False,False,False,False,True,False,False,False,True
Ukraine,UKR,UEFA,49,1538.2,1,6,3,0.209,0.66,1.42,0,8.1,0.318,73.6,0,343.0,20,8,2.7,40.2,73.7,0,7.3,0.73,0,0.6,-0.7599999999999999,37.3,17.15,56.95,2.5758,0.0,Developing,5.840641657373398,False,False,False,False,False,True,True,False,False,False
USA,USA,CONCACAF,12,1708.2,3,2,5,0.581,1.04,1.02,2,12.0,0.381,80.2,1,499.0,42,9,6.8,54.1,82.0,1,1.9,0.85,1,1.4,0.020000000000000018,57.68000000000001,11.880952380952381,68.05,4.572,0.2,Strong,6.214608098422191,False,False,True,False,False,False,False,False,False,True
Ecuador,ECU,CONMEBOL,22,1609.8,3,4,3,0.593,1.39,1.22,1,11.8,0.363,78.3,1,343.0,33,12,5.0,50.4,80.2,0,7.9,0.8,1,1.2,0.16999999999999993,50.835,10.393939393939394,65.3,4.2834,0.1,Mid,5.840641657373398,False,False,False,True,False,False,False,False,True,False
Peru,PER,CONMEBOL,45,1585.0,3,5,2,0.423,1.01,1.44,2,7.2,0.309,71.8,2,376.0,35,2,4.5,49.1,72.8,0,6.6,0.65,0,1.1,-0.42999999999999994,45.10999999999999,10.742857142857142,60.95,2.2248,0.2,Developing,5.932245187448011,False,False,False,True,False,False,True,False,False,False
France,FRA,UEFA,1,1880.4,8,1,1,0.802,2.23,0.99,4,16.3,0.42,89.1,4,812.0,47,18,8.6,60.7,93.9,0,6.5,0.71,1,2.5,1.24,69.30499999999999,17.27659574468085,77.30000000000001,6.846,0.4,Elite,6.70073110954781,False,False,False,False,False,True,False,True,False,False
Saudi Arabia,KSA,AFC,34,1521.6,4,6,0,0.256,0.83,2.06,1,7.2,0.358,76.3,2,270.0,20,3,4.2,45.4,72.4,0,13.3,0.49,0,1.2,-1.23,43.965,13.5,58.900000000000006,2.5776,0.1,Mid,5.602118820879701,True,False,False,False,False,False,False,False,True,False
Belgium,BEL,UEFA,7,1712.2,8,3,0,0.678,1.75,1.07,4,12.6,0.35,85.4,3,777.0,42,8,6.8,52.7,85.4,0,9.0,0.67,1,2.1818181818181817,0.6799999999999999,60.47,18.5,69.05000000000001,4.409999999999999,0.4,Elite,6.656726524178391,False,False,False,False,False,True,False,True,False,False
Uruguay,URU,CONMEBOL,15,1808.1,8,1,1,0.615,1.52,0.71,4,15.9,0.429,80.7,2,543.0,40,9,6.7,60.0,88.2,0,5.3,0.66,0,2.5,0.81,57.84499999999999,13.575,74.1,6.8211,0.4,Strong,6.298949246855942,False,False,False,True,False,False,False,False,False,True
England,ENG,UEFA,5,1863.9,7,1,2,0.769,2.72,0.78,4,17.5,0.449,86.7,3,864.0,43,14,9.5,62.7,92.9,0,6.1,0.53,1,2.3,1.9400000000000002,71.285,20.093023255813954,77.80000000000001,7.8575,0.4,Elite,6.762729506931879,False,False,False,False,False,True,False,True,False,False
South Korea,KOR,AFC,20,1521.8,6,2,2,0.554,1.57,1.16,4,10.1,0.38,80.4,3,412.0,36,13,6.5,48.2,75.4,0,11.7,0.55,0,2.0,0.41000000000000014,56.43,11.444444444444445,61.800000000000004,3.838,0.4,Strong,6.023447592961033,True,False,False,False,False,False,False,False,False,True
Senegal,SEN,CAF,23,1667.6,4,2,4,0.456,1.66,1.05,4,13.4,0.39,75.9,1,545.0,33,6,5.5,52.7,76.9,0,9.1,0.36,0,1.6,0.6099999999999999,50.375,16.515151515151516,64.80000000000001,5.226,0.4,Mid,6.302618975744905,False,True,False,False,False,False,False,False,True,False
Saudi Arabia,KSA,AFC,29,1471.6,3,5,2,0.285,1.15,1.59,0,10.8,0.357,72.0,1,226.0,22,7,4.7,41.8,70.0,0,13.6,0.59,0,1.1,-0.44000000000000017,44.5,10.272727272727273,55.9,3.8556,0.0,Mid,5.424950017481403,True,False,False,False,False,False,False,False,True,False
Spain,ESP,UEFA,1,1881.3,8,1,1,0.7,2.78,0.58,4,18.7,0.42,88.9,4,1168.0,45,11,7.4,59.5,87.7,0,5.0,0.55,1,2.5,2.1999999999999997,64.015,25.955555555555556,73.6,7.853999999999999,0.4,Elite,7.063903961472068,False,False,False,False,False,True,False,True,False,False
France,FRA,UEFA,6,1904.5,9,2,0,0.775,2.03,0.95,6,19.1,0.447,87.0,5,711.0,47,21,9.6,55.5,86.2,0,6.7,0.7,1,2.4545454545454546,1.0799999999999998,71.8,15.127659574468085,70.85,8.537700000000001,0.6,Elite,6.568077911411976,False,False,False,False,False,True,False,True,False,False
Ukraine,UKR,UEFA,44,1590.5,4,7,0,0.307,1.23,1.78,1,8.1,0.251,75.1,0,330.0,20,8,4.8,41.4,74.6,0,6.7,0.58,0,1.0909090909090908,-0.55,46.154999999999994,16.5,58.0,2.0331,0.1,Developing,5.802118375377063,False,False,False,False,False,True,True,False,False,False
Serbia,SRB,UEFA,35,1613.3,3,3,4,0.493,1.61,0.87,1,11.3,0.401,78.3,2,394.0,28,14,4.9,51.8,78.2,0,5.8,0.68,1,1.3,0.7400000000000001,49.485,14.071428571428571,65.0,4.531300000000001,0.1,Mid,5.978885764901122,False,False,False,False,False,True,False,False,True,False
Portugal,POR,UEFA,18,1676.5,7,2,1,0.696,2.18,0.99,5,16.6,0.462,84.5,4,667.0,48,14,6.8,56.3,83.6,0,5.3,0.74,1,2.2,1.1900000000000002,60.335,13.895833333333334,69.94999999999999,7.669200000000001,0.5,Strong,6.504288173536645,False,False,False,False,False,True,False,False,False,True
Paraguay,PAR,CONMEBOL,28,1568.8,1,7,2,0.213,0.85,2.01,2,9.0,0.248,72.4,0,342.0,29,4,2.8,41.0,77.8,0,7.5,0.78,1,0.5,-1.1599999999999997,37.27,11.793103448275861,59.4,2.232,0.2,Mid,5.8377304471659395,False,False,False,True,False,False,False,False,True,False
England,ENG,UEFA,6,1939.0,7,2,1,0.782,2.25,0.94,6,16.6,0.473,83.5,5,1187.0,55,23,8.2,63.4,87.5,0,5.1,0.61,0,2.2,1.31,65.745,21.581818181818182,75.45,7.8518,0.6,Elite,7.080026499922591,False,False,False,False,False,True,False,True,False,False
Switzerland,SUI,UEFA,30,1609.3,6,5,0,0.599,1.37,1.39,2,9.6,0.417,80.9,2,337.0,38,15,4.9,48.9,76.8,0,5.4,0.57,0,1.6363636363636365,-0.019999999999999796,51.455000000000005,8.868421052631579,62.849999999999994,4.0032,0.2,Mid,5.823045895483019,False,False,False,False,False,True,False,False,True,False
Portugal,POR,UEFA,9,1765.3,5,3,2,0.612,1.4,0.95,3,15.9,0.354,85.3,3,675.0,44,11,5.6,56.7,87.7,0,6.6,0.66,1,1.7,0.44999999999999996,55.574999999999996,15.340909090909092,72.2,5.6286,0.3,Elite,6.516193076042964,False,False,False,False,False,True,False,True,False,False
Portugal,POR,UEFA,11,1729.5,8,1,1,0.612,1.65,1.03,2,15.0,0.419,82.6,2,694.0,38,6,7.5,56.0,88.2,0,5.9,0.55,0,2.5,0.6199999999999999,61.279999999999994,18.263157894736842,72.1,6.285,0.2,Strong,6.543911845564792,False,False,False,False,False,True,False,False,False,True
Brazil,BRA,CONMEBOL,2,1948.0,6,0,4,0.753,2.34,0.92,6,15.0,0.52,86.3,5,902.0,44,22,9.9,67.6,88.2,0,7.9,0.72,1,2.2,1.42,72.38499999999999,20.5,77.9,7.800000000000001,0.6,Elite,6.805722553416985,False,False,False,True,False,False,False,True,False,False
Qatar,QAT,AFC,45,1587.2,3,5,2,0.3,0.6,1.49,0,7.3,0.305,75.7,2,250.0,18,10,3.4,40.3,79.5,0,13.7,0.63,0,1.1,-0.89,41.395,13.88888888888889,59.9,2.2264999999999997,0.0,Developing,5.5254529391317835,True,False,False,False,False,False,True,False,False,False
Peru,PER,CONMEBOL,30,1551.5,1,4,5,0.443,0.78,2.07,0,7.7,0.269,70.4,0,275.0,33,6,2.3,40.4,77.3,0,6.1,0.65,1,0.8,-1.2899999999999998,37.12,8.333333333333334,58.849999999999994,2.0713000000000004,0.0,Mid,5.62040086571715,False,False,False,True,False,False,False,False,True,False
Austria,AUT,UEFA,26,1663.1,3,4,3,0.547,1.38,0.95,4,9.9,0.363,80.8,1,388.0,45,6,2.8,54.0,76.7,0,7.5,0.63,1,1.2,0.42999999999999994,43.55,8.622222222222222,65.35,3.5937,0.4,Mid,5.963579343618446,False,False,False,False,False,True,False,False,True,False
England,ENG,UEFA,8,1840.0,7,0,3,0.841,2.46,0.75,6,15.9,0.525,86.8,3,1174.0,45,11,9.9,64.0,87.8,0,7.7,0.74,0,2.4,1.71,73.44,26.08888888888889,75.9,8.3475,0.6,Elite,7.069023426578259,False,False,False,False,False,True,False,True,False,False
USA,USA,CONCACAF,25,1715.9,6,4,0,0.439,1.02,1.1,1,10.3,0.352,74.9,0,344.0,31,5,5.2,53.9,83.4,1,1.4,0.94,0,1.8,-0.08000000000000007,48.805,11.096774193548388,68.65,3.6256,0.1,Mid,5.84354441703136,False,False,True,False,False,False,False,False,True,False
Croatia,CRO,UEFA,6,1747.9,6,3,1,0.644,1.62,1.16,3,13.7,0.419,82.2,2,567.0,52,18,5.5,58.8,86.5,0,8.5,0.72,1,1.9,0.4600000000000002,54.459999999999994,10.903846153846153,72.65,5.7402999999999995,0.3,Elite,6.342121418721152,False,False,False,False,False,True,False,True,False,False
Australia,AUS,AFC,29,1535.7,4,4,2,0.408,1.2,1.01,4,9.4,0.356,79.3,3,286.0,29,10,6.5,51.0,81.5,0,10.0,0.32,1,1.4,0.18999999999999995,54.584999999999994,9.862068965517242,66.25,3.3464,0.4,Mid,5.659482215759621,True,False,False,False,False,False,False,False,True,False
Poland,POL,UEFA,28,1580.6,5,4,1,0.517,1.21,1.43,3,9.8,0.391,78.8,1,256.0,35,14,6.3,46.1,77.6,0,5.7,0.63,0,1.6,-0.21999999999999997,54.8,7.314285714285714,61.849999999999994,3.8318000000000003,0.3,Mid,5.54907608489522,False,False,False,False,False,True,False,False,True,False
Mexico,MEX,CONCACAF,16,1615.5,6,3,1,0.542,1.57,0.89,1,13.5,0.378,77.3,2,280.0,41,6,4.0,49.1,83.7,1,2.4,0.72,1,1.9,0.68,46.474999999999994,6.829268292682927,66.4,5.103,0.1,Strong,5.638354669333745,False,False,True,False,False,False,False,False,False,True
Portugal,POR,UEFA,16,1659.7,5,2,3,0.689,1.77,1.15,5,13.4,0.427,86.0,2,464.0,42,15,6.5,54.0,88.5,0,6.3,0.55,0,1.8,0.6200000000000001,59.739999999999995,11.047619047619047,71.25,5.7218,0.5,Strong,6.142037405587356,False,False,False,False,False,True,False,False,False,True
Turkey,TUR,UEFA,39,1427.1,2,7,1,0.256,0.71,1.81,2,9.4,0.252,77.0,2,284.0,15,2,3.2,47.6,76.5,0,7.7,0.48,1,0.7,-1.1,40.71,18.933333333333334,62.05,2.3688000000000002,0.2,Developing,5.652489180268651,False,False,False,False,False,True,True,False,False,False
Spain,ESP,UEFA,1,1892.4,8,0,2,0.664,2.4,0.41,5,18.4,0.455,85.1,3,825.0,48,23,8.3,66.3,88.7,0,8.8,0.45,0,2.6,1.99,65.475,17.1875,77.5,8.372,0.5,Elite,6.716594773520978,False,False,False,False,False,True,False,True,False,False
Uruguay,URU,CONMEBOL,17,1740.7,6,3,1,0.643,1.97,1.12,3,16.4,0.43,81.7,4,522.0,53,15,7.0,51.3,87.5,0,6.1,0.63,1,1.9,0.8499999999999999,59.525,9.849056603773585,69.4,7.052,0.3,Strong,6.259581464064923,False,False,False,True,False,False,False,False,False,True
Denmark,DEN,UEFA,31,1653.3,6,2,2,0.402,1.23,1.08,1,9.2,0.306,76.0,1,524.0,38,4,5.5,54.1,83.3,0,5.6,0.46,0,2.0,0.1499999999999999,49.87,13.789473684210526,68.7,2.8152,0.1,Mid,6.263398262591624,False,False,False,False,False,True,False,False,True,False
Portugal,POR,UEFA,10,1782.4,8,2,0,0.638,2.2,0.89,4,16.9,0.478,84.6,2,714.0,52,16,7.5,51.7,81.0,0,6.1,0.48,0,2.4,1.31,62.24,13.73076923076923,66.35,8.078199999999999,0.4,Elite,6.5722825426940075,False,False,False,False,False,True,False,True,False,False
Senegal,SEN,CAF,25,1574.1,4,4,2,0.556,1.11,0.87,3,12.5,0.33,80.4,2,376.0,32,5,2.8,52.8,75.7,0,8.3,0.34,1,1.4,0.2400000000000001,43.5,11.75,64.25,4.125,0.3,Mid,5.932245187448011,False,True,False,False,False,False,False,False,True,False
Senegal,SEN,CAF,21,1653.5,3,3,4,0.504,1.26,0.89,2,13.1,0.338,77.2,3,482.0,28,6,4.2,47.1,84.5,0,7.3,0.26,1,1.3,0.37,46.76,17.214285714285715,65.8,4.4278,0.2,Mid,6.180016653652572,False,True,False,False,False,False,False,False,True,False
Honduras,HON,CONCACAF,29,1542.1,4,4,2,0.275,1.0,1.89,0,9.6,0.356,70.4,0,240.0,26,9,4.9,44.0,72.6,0,2.2,0.78,1,1.4,-0.8899999999999999,44.540000000000006,9.23076923076923,58.3,3.4175999999999997,0.0,Mid,5.484796933490655,False,False,True,False,False,False,False,False,True,False
Belgium,BEL,UEFA,10,1736.5,8,1,1,0.55,2.18,0.82,3,15.8,0.4,84.3,4,458.0,43,19,5.9,57.5,88.7,0,7.3,0.58,1,2.5,1.3600000000000003,55.655,10.651162790697674,73.1,6.32,0.3,Elite,6.129050210060545,False,False,False,False,False,True,False,True,False,False
China,CHN,AFC,44,1494.1,1,7,2,0.203,1.06,1.6,0,7.4,0.319,74.4,1,246.0,22,5,2.3,42.4,72.5,0,11.9,0.32,0,0.5,-0.54,36.12,11.181818181818182,57.45,2.3606000000000003,0.0,Developing,5.5093883366279774,True,False,False,False,False,False,True,False,False,False
Sweden,SWE,UEFA,21,1684.1,3,5,2,0.574,1.33,1.27,1,11.9,0.317,74.2,3,523.0,36,5,4.6,53.1,80.1,0,8.6,0.59,0,1.1,0.06000000000000005,47.809999999999995,14.527777777777779,66.6,3.7723,0.1,Mid,6.261491684321042,False,False,False,False,False,True,False,False,True,False
Netherlands,NED,UEFA,16,1743.9,8,2,0,0.675,1.98,0.73,3,12.4,0.351,80.1,4,697.0,41,19,7.9,58.6,80.6,0,6.9,0.53,0,2.4,1.25,62.435,17.0,69.6,4.3524,0.3,Strong,6.548219102762372,False,False,False,False,False,True,False,False,False,True
Senegal,SEN,CAF,14,1596.9,5,3,2,0.496,1.59,1.08,4,9.8,0.302,79.5,2,292.0,41,3,5.8,52.6,82.7,0,10.9,0.33,0,1.7,0.51,53.085,7.121951219512195,67.65,2.9596,0.4,Strong,5.680172609017068,False,True,False,False,False,False,False,False,False,True
Ecuador,ECU,CONMEBOL,32,1594.0,5,5,0,0.513,1.49,1.5,2,11.1,0.37,75.5,1,291.0,45,15,4.4,50.4,83.6,0,7.1,0.6,1,1.5,-0.010000000000000009,46.955000000000005,6.466666666666667,67.0,4.107,0.2,Mid,5.676753802268282,False,False,False,True,False,False,False,False,True,False
Cameroon,CMR,CAF,29,1540.8,1,7,2,0.375,1.07,1.72,0,7.4,0.263,71.1,2,377.0,27,8,3.1,43.6,75.6,0,10.2,0.31,0,0.5,-0.6499999999999999,39.485,13.962962962962964,59.599999999999994,1.9462000000000002,0.0,Mid,5.934894195619588,False,True,False,False,False,False,False,False,True,False
France,FRA,UEFA,3,1926.1,6,2,2,0.823,2.38,0.53,3,14.2,0.462,88.3,5,714.0,62,21,7.8,59.9,88.5,0,6.5,0.51,1,2.0,1.8499999999999999,66.435,11.516129032258064,74.2,6.5604,0.3,Elite,6.5722825426940075,False,False,False,False,False,True,False,True,False,False
Serbia,SRB,UEFA,35,1649.2,3,5,2,0.519,1.1,0.92,1,12.2,0.353,74.7,3,480.0,36,12,6.5,50.1,77.4,0,5.7,0.7,1,1.1,0.18000000000000005,54.084999999999994,13.333333333333334,63.75,4.3065999999999995,0.1,Mid,6.175867270105761,False,False,False,False,False,True,False,False,True,False
Denmark,DEN,UEFA,30,1609.8,5,2,3,0.445,1.32,0.93,4,12.9,0.301,74.9,1,324.0,33,5,4.5,53.3,76.5,0,8.7,0.6,0,1.8,0.39,46.415000000000006,9.818181818181818,64.9,3.8829,0.4,Mid,5.783825182329737,False,False,False,False,False,True,False,False,True,False
Peru,PER,CONMEBOL,46,1594.6,2,7,1,0.376,0.94,1.29,0,9.3,0.224,73.8,1,200.0,25,2,2.0,40.1,77.9,0,7.1,0.74,1,0.7,-0.3500000000000001,36.589999999999996,8.0,59.0,2.0832,0.0,Developing,5.303304908059076,False,False,False,True,False,False,True,False,False,False
Belgium,BEL,UEFA,18,1822.2,5,1,4,0.607,1.87,0.91,5,13.7,0.404,79.4,3,579.0,50,18,6.9,59.0,81.5,0,5.4,0.7,0,1.9,0.9600000000000001,58.01,11.58,70.25,5.5348,0.5,Strong,6.363028103540465,False,False,False,False,False,True,False,False,False,True
Qatar,QAT,AFC,48,1550.9,4,5,1,0.251,0.9,2.16,2,7.6,0.27,76.8,0,296.0,29,5,5.2,45.1,74.0,0,9.4,0.38,0,1.3,-1.2600000000000002,47.589999999999996,10.206896551724139,59.55,2.052,0.2,Developing,5.6937321388027,True,False,False,False,False,False,True,False,False,False
Serbia,SRB,UEFA,25,1534.9,4,3,3,0.507,1.13,1.24,3,10.7,0.354,80.3,2,499.0,40,14,5.7,54.8,77.5,0,8.0,0.63,1,1.5,-0.1100000000000001,53.12499999999999,12.475,66.15,3.7877999999999994,0.3,Mid,6.214608098422191,False,False,False,False,False,True,False,False,True,False
Croatia,CRO,UEFA,14,1750.4,5,2,3,0.638,1.66,1.13,3,14.7,0.451,83.7,2,661.0,37,16,5.7,50.9,86.4,0,5.8,0.67,1,1.8,0.53,55.625,17.864864864864863,68.65,6.6297,0.3,Strong,6.495265555937008,False,False,False,False,False,True,False,False,False,True
Poland,POL,UEFA,26,1670.3,6,3,1,0.51,1.27,1.39,2,9.1,0.357,74.6,1,263.0,45,3,6.5,54.2,81.3,0,5.1,0.7,0,1.9,-0.11999999999999988,53.96,5.844444444444444,67.75,3.2487,0.2,Mid,5.575949103146316,False,False,False,False,False,True,False,False,True,False
Serbia,SRB,UEFA,32,1714.0,5,3,2,0.578,1.09,1.02,3,10.6,0.388,79.2,2,358.0,33,6,4.6,53.2,77.2,0,6.7,0.47,0,1.7,0.07000000000000006,49.599999999999994,10.848484848484848,65.2,4.1128,0.3,Mid,5.883322388488279,False,False,False,False,False,True,False,False,True,False
Austria,AUT,UEFA,25,1689.6,5,4,1,0.584,1.62,1.14,2,12.0,0.41,78.1,3,491.0,40,14,6.5,46.8,84.0,0,8.2,0.74,0,1.6,0.4800000000000002,55.925,12.275,65.4,4.92,0.2,Mid,6.198478716492308,False,False,False,False,False,True,False,False,True,False
Ghana,GHA,CAF,29,1545.8,3,5,2,0.231,1.07,1.56,2,9.2,0.313,75.2,2,253.0,19,2,3.7,48.5,71.8,0,10.4,0.31,0,1.1,-0.49,41.580000000000005,13.31578947368421,60.15,2.8796,0.2,Mid,5.537334267018537,False,True,False,False,False,False,False,False,True,False
Sweden,SWE,UEFA,19,1642.7,6,2,2,0.474,1.69,1.4,2,9.1,0.333,77.1,1,292.0,39,3,6.7,55.3,75.5,0,8.0,0.48,1,2.0,0.29000000000000004,55.175,7.487179487179487,65.4,3.0303,0.2,Strong,5.680172609017068,False,False,False,False,False,True,False,False,False,True
Turkey,TUR,UEFA,48,1482.9,1,6,3,0.233,1.16,1.2,1,8.5,0.285,71.0,1,320.0,20,10,3.1,41.0,78.8,0,5.4,0.48,1,0.6,-0.040000000000000036,38.029999999999994,16.0,59.9,2.4225,0.1,Developing,5.771441123130016,False,False,False,False,False,True,True,False,False,False
Poland,POL,UEFA,28,1532.4,6,5,0,0.515,1.06,1.22,3,12.2,0.374,79.6,2,397.0,29,7,5.1,50.6,84.9,0,7.4,0.52,0,1.6363636363636365,-0.15999999999999992,50.85999999999999,13.689655172413794,67.75,4.562799999999999,0.3,Mid,5.986452005284438,False,False,False,False,False,True,False,False,True,False
Peru,PER,CONMEBOL,43,1563.6,2,6,2,0.266,0.8,2.03,1,7.3,0.282,72.0,0,258.0,29,1,4.6,41.8,71.1,0,4.6,0.7,0,0.8,-1.2299999999999998,43.959999999999994,8.89655172413793,56.449999999999996,2.0585999999999998,0.1,Developing,5.556828061699537,False,False,False,True,False,False,True,False,False,False
Sweden,SWE,UEFA,18,1566.0,4,4,2,0.53,1.04,1.49,3,11.2,0.389,79.5,1,271.0,26,4,6.6,50.0,77.2,0,8.2,0.51,1,1.4,-0.44999999999999996,56.224999999999994,10.423076923076923,63.6,4.3568,0.3,Strong,5.605802066295998,False,False,False,False,False,True,False,False,False,True
Belgium,BEL,UEFA,18,1826.5,5,2,3,0.713,2.09,1.04,2,13.9,0.423,85.5,3,776.0,47,9,5.3,51.1,87.9,0,6.3,0.56,1,1.8,1.0499999999999998,55.605,16.51063829787234,69.5,5.8797,0.2,Strong,6.655440350367647,False,False,False,False,False,True,False,False,False,True
USA,USA,CONCACAF,33,1686.3,6,5,0,0.423,1.58,1.27,1,11.6,0.41,79.9,3,377.0,29,10,5.9,52.0,76.8,1,2.1,0.75,1,1.6363636363636365,0.31000000000000005,52.845,13.0,64.4,4.755999999999999,0.1,Mid,5.934894195619588,False,False,True,False,False,False,False,False,True,False
Senegal,SEN,CAF,16,1505.8,6,2,2,0.488,1.33,1.24,4,10.1,0.391,74.6,2,346.0,28,13,5.0,46.8,75.6,0,10.4,0.53,1,2.0,0.09000000000000008,48.49,12.357142857142858,61.199999999999996,3.9491,0.4,Strong,5.849324779946859,False,True,False,False,False,False,False,False,False,True
Nigeria,NGA,CAF,30,1541.6,3,6,1,0.339,0.78,2.09,0,8.3,0.329,70.4,1,312.0,15,9,3.8,41.7,71.2,0,9.9,0.3,0,1.0,-1.3099999999999998,41.33,20.8,56.45,2.7307000000000006,0.0,Mid,5.746203190540153,False,True,False,False,False,False,False,False,True,False
Argentina,ARG,CONMEBOL,5,1893.8,8,1,1,0.654,1.94,0.62,5,17.6,0.408,89.0,3,808.0,52,15,9.6,65.1,93.5,0,4.2,0.75,1,2.5,1.3199999999999998,71.29,15.538461538461538,79.3,7.1808000000000005,0.5,Elite,6.695798917058491,False,False,False,True,False,False,False,True,False,False
Belgium,BEL,UEFA,17,1743.7,7,3,0,0.58,2.01,0.84,2,13.4,0.452,80.6,3,840.0,53,17,6.4,57.4,82.7,0,7.9,0.62,1,2.1,1.17,56.41,15.849056603773585,70.05,6.0568,0.2,Strong,6.734591659972948,False,False,False,False,False,True,False,False,False,True
Cameroon,CMR,CAF,49,1510.4,2,4,4,0.206,1.01,1.94,2,7.3,0.227,73.9,2,263.0,20,2,2.6,42.0,72.4,0,8.2,0.41,1,1.0,-0.9299999999999999,37.025000000000006,13.15,57.2,1.6571,0.2,Developing,5.575949103146316,False,True,False,False,False,False,True,False,False,False
Spain,ESP,UEFA,8,1911.1,9,1,0,0.788,2.0,0.99,6,16.1,0.548,88.0,4,706.0,52,16,8.6,57.4,88.5,0,8.7,0.75,1,2.7,1.01,68.77999999999999,13.576923076923077,72.95,8.8228,0.6,Elite,6.561030665896573,False,False,False,False,False,True,False,True,False,False
England,ENG,UEFA,3,1844.0,8,1,1,0.674,2.07,0.9,5,15.0,0.403,87.7,4,1051.0,40,12,8.3,61.0,86.6,0,5.4,0.45,1,2.5,1.17,66.485,26.275,73.8,6.045,0.5,Elite,6.9584483932976555,False,False,False,False,False,True,False,True,False,False
South Korea,KOR,AFC,23,1658.0,5,4,1,0.406,1.43,1.2,2,12.6,0.357,74.1,2,251.0,34,15,4.9,48.5,81.6,0,12.5,0.39,0,1.6,0.22999999999999998,47.144999999999996,7.382352941176471,65.05,4.4982,0.2,Mid,5.529429087511423,True,False,False,False,False,False,False,False,True,False
New Zealand,NZL,OFC,36,1444.4,1,4,5,0.316,0.74,1.97,0,6.5,0.259,70.4,0,295.0,19,4,5.1,48.5,73.9,0,13.2,0.42,0,0.8,-1.23,45.64999999999999,15.526315789473685,61.2,1.6835,0.0,Developing,5.69035945432406,False,False,False,False,True,False,True,False,False,False
South Korea,KOR,AFC,20,1703.8,4,5,1,0.469,1.3,1.06,1,9.9,0.372,76.9,1,497.0,27,15,6.3,52.0,79.2,0,14.0,0.56,1,1.3,0.24,53.655,18.40740740740741,65.6,3.6828000000000003,0.1,Strong,6.210600077024653,True,False,False,False,False,False,False,False,False,True
Paraguay,PAR,CONMEBOL,36,1540.1,3,4,3,0.328,0.53,1.72,2,10.3,0.312,75.1,1,358.0,23,9,3.8,44.6,74.5,0,7.8,0.6,0,1.2,-1.19,42.864999999999995,15.565217391304348,59.55,3.2136,0.2,Developing,5.883322388488279,False,False,False,True,False,False,True,False,False,False
Jamaica,JAM,CONCACAF,44,1517.3,1,6,3,0.31,0.81,1.25,0,9.7,0.35,75.3,0,352.0,21,7,5.3,48.0,70.9,0,0.9,0.94,0,0.6,-0.43999999999999995,48.005,16.761904761904763,59.45,3.3949999999999996,0.0,Developing,5.8664680569332965,False,False,True,False,False,False,True,False,False,False
Netherlands,NED,UEFA,10,1687.8,5,1,4,0.634,1.89,0.83,3,16.1,0.45,81.4,2,598.0,51,8,5.9,54.5,83.8,0,5.2,0.58,1,1.9,1.06,55.480000000000004,11.72549019607843,69.15,7.245000000000001,0.3,Elite,6.395261598115449,False,False,False,False,False,True,False,True,False,False
Jamaica,JAM,CONCACAF,37,1582.7,2,5,3,0.241,0.94,1.86,2,8.1,0.327,70.8,1,282.0,34,1,5.2,46.8,76.1,0,2.9,0.95,0,0.9,-0.9200000000000002,45.39,8.294117647058824,61.449999999999996,2.6487,0.2,Developing,5.645446897643238,False,False,True,False,False,False,True,False,False,False
Denmark,DEN,UEFA,23,1685.7,4,4,2,0.518,1.42,1.0,4,12.7,0.359,76.1,3,461.0,34,5,5.2,48.8,79.6,0,7.7,0.67,0,1.4,0.41999999999999993,50.01499999999999,13.558823529411764,64.19999999999999,4.5592999999999995,0.4,Mid,6.135564891081739,False,False,False,False,False,True,False,False,True,False
Qatar,QAT,AFC,32,1556.6,3,5,2,0.319,1.02,2.11,0,10.0,0.357,74.9,0,278.0,29,9,4.4,40.1,74.9,0,11.1,0.64,0,1.1,-1.0899999999999999,44.805,9.586206896551724,57.5,3.57,0.0,Mid,5.631211781821365,True,False,False,False,False,False,False,False,True,False
Cameroon,CMR,CAF,36,1509.2,4,4,2,0.442,0.54,1.79,0,8.4,0.298,77.0,1,294.0,29,1,3.4,40.7,79.8,0,10.9,0.29,0,1.4,-1.25,43.27,10.137931034482758,60.25,2.5032,0.0,Developing,5.68697535633982,False,True,False,False,False,False,True,False,False,False
Croatia,CRO,UEFA,15,1810.4,5,2,3,0.595,1.67,0.71,3,13.1,0.387,85.4,2,513.0,40,10,6.9,54.4,81.7,0,8.7,0.59,1,1.8,0.96,59.99000000000001,12.825,68.05,5.0697,0.3,Strong,6.2422232654551655,False,False,False,False,False,True,False,False,False,True
Argentina,ARG,CONMEBOL,6,1823.7,6,2,2,0.662,2.18,0.45,5,17.7,0.543,83.1,5,964.0,51,8,8.3,66.8,90.1,0,5.7,0.75,0,2.0,1.7300000000000002,64.75500000000001,18.901960784313726,78.44999999999999,9.6111,0.5,Elite,6.872128101338986,False,False,False,True,False,False,False,True,False,False
New Zealand,NZL,OFC,42,1575.6,4,4,2,0.38,0.75,1.23,0,7.9,0.284,71.1,1,268.0,25,3,3.8,46.5,73.7,0,14.7,0.46,0,1.4,-0.48,41.98499999999999,10.72,60.1,2.2436,0.0,Developing,5.594711379601839,False,False,False,False,True,False,True,False,False,False
England,ENG,UEFA,2,1950.1,7,0,3,0.806,2.57,0.45,6,15.1,0.465,86.1,3,1120.0,61,21,8.3,59.9,88.1,0,5.8,0.5,1,2.4,2.1199999999999997,67.245,18.360655737704917,74.0,7.0215000000000005,0.6,Elite,7.02197642307216,False,False,False,False,False,True,False,True,False,False
New Zealand,NZL,OFC,45,1425.3,3,6,1,0.287,0.73,1.8,1,7.4,0.306,74.5,0,373.0,15,4,5.5,43.9,75.7,0,12.4,0.52,1,1.0,-1.07,48.195,24.866666666666667,59.8,2.2644,0.1,Developing,5.924255797414532,False,False,False,False,True,False,True,False,False,False
Wales,WAL,UEFA,46,1445.5,1,4,5,0.342,0.92,2.01,2,7.1,0.228,75.5,1,261.0,35,7,5.0,41.7,74.8,0,6.4,0.67,0,0.8,-1.0899999999999999,47.345,7.457142857142857,58.25,1.6188,0.2,Developing,5.568344503761097,False,False,False,False,False,True,True,False,False,False
Ghana,GHA,CAF,43,1413.1,4,5,1,0.262,0.65,1.43,2,7.9,0.252,71.5,2,270.0,31,9,2.3,40.7,71.3,0,10.3,0.45,0,1.3,-0.7799999999999999,35.69499999999999,8.709677419354838,56.0,1.9908000000000001,0.2,Developing,5.602118820879701,False,True,False,False,False,False,True,False,False,False
China,CHN,AFC,31,1555.9,4,6,0,0.42,1.26,1.26,2,9.6,0.353,71.8,0,252.0,29,6,4.7,48.6,75.3,0,8.7,0.45,0,1.2,0.0,45.78,8.689655172413794,61.95,3.3888,0.2,Mid,5.53338948872752,True,False,False,False,False,False,False,False,True,False
New Zealand,NZL,OFC,42,1433.2,4,7,0,0.428,1.13,1.38,1,8.7,0.327,73.9,0,341.0,27,4,3.7,46.4,73.6,0,12.1,0.43,1,1.0909090909090908,-0.25,43.095000000000006,12.62962962962963,60.0,2.8449,0.1,Developing,5.834810737062605,False,False,False,False,True,False,True,False,False,False
Qatar,QAT,AFC,50,1421.4,2,4,4,0.444,1.29,1.3,1,9.5,0.297,74.6,0,278.0,32,8,4.5,43.6,73.2,0,9.5,0.48,0,1.0,-0.010000000000000009,46.3,8.6875,58.400000000000006,2.8215,0.1,Developing,5.631211781821365,True,False,False,False,False,False,True,False,False,False
Uruguay,URU,CONMEBOL,10,1809.9,6,2,2,0.693,2.06,1.03,3,16.3,0.401,79.1,4,649.0,45,14,7.7,53.9,86.5,0,4.7,0.79,0,2.0,1.03,61.56499999999999,14.422222222222222,70.2,6.536300000000001,0.3,Elite,6.476972362889683,False,False,False,True,False,False,False,True,False,False
Saudi Arabia,KSA,AFC,34,1560.7,1,7,2,0.362,0.85,1.83,0,8.6,0.358,71.6,1,279.0,27,7,2.7,44.7,72.0,0,11.8,0.5,0,0.5,-0.9800000000000001,38.129999999999995,10.333333333333334,58.35,3.0787999999999998,0.0,Mid,5.634789603169249,True,False,False,False,False,False,False,False,True,False
Brazil,BRA,CONMEBOL,5,1963.2,7,2,1,0.685,2.21,0.86,7,19.7,0.535,84.1,4,721.0,47,21,7.8,62.7,92.6,0,4.2,0.78,1,2.2,1.35,63.585,15.340425531914894,77.65,10.5395,0.7,Elite,6.582025138892826,False,False,False,True,False,False,False,True,False,False
South Korea,KOR,AFC,33,1528.9,5,3,2,0.505,1.32,1.47,1,12.8,0.381,77.3,3,395.0,33,9,4.9,55.2,77.9,0,9.4,0.35,0,1.7,-0.1499999999999999,49.254999999999995,11.969696969696969,66.55000000000001,4.8768,0.1,Mid,5.981414211254481,True,False,False,False,False,False,False,False,True,False
USA,USA,CONCACAF,30,1692.6,3,4,3,0.595,1.01,1.47,3,10.1,0.323,78.6,3,432.0,25,3,8.4,50.4,79.9,1,1.5,0.92,1,1.2,-0.45999999999999996,62.86,17.28,65.15,3.2623,0.3,Mid,6.07073772800249,False,False,True,False,False,False,False,False,True,False
Austria,AUT,UEFA,25,1549.2,3,2,5,0.416,1.37,1.35,1,11.5,0.408,78.0,3,294.0,43,11,4.8,46.2,77.1,0,6.7,0.75,0,1.4,0.020000000000000018,48.25999999999999,6.837209302325581,61.65,4.691999999999999,0.1,Mid,5.68697535633982,False,False,False,False,False,True,False,False,True,False
Austria,AUT,UEFA,17,1707.7,5,4,1,0.506,1.36,0.81,3,10.6,0.383,78.1,1,549.0,44,3,6.6,51.6,77.2,0,8.0,0.72,1,1.6,0.55,55.495,12.477272727272727,64.4,4.0598,0.3,Strong,6.309918278226516,False,False,False,False,False,True,False,False,False,True
Australia,AUS,AFC,21,1689.5,5,3,2,0.518,1.19,1.46,3,9.7,0.367,75.0,3,494.0,44,8,4.5,55.2,78.1,0,8.3,0.51,0,1.7,-0.27,47.18,11.227272727272727,66.65,3.5599,0.3,Mid,6.20455776256869,True,False,False,False,False,False,False,False,True,False
Costa Rica,CRC,CONCACAF,50,1563.2,1,7,2,0.367,1.15,1.78,0,9.4,0.275,75.6,2,323.0,28,6,3.2,49.2,76.6,0,1.1,0.87,1,0.5,-0.6300000000000001,41.33,11.535714285714286,62.9,2.5850000000000004,0.0,Developing,5.780743515792329,False,False,True,False,False,False,True,False,False,False
Algeria,ALG,CAF,39,1484.3,3,4,3,0.396,1.09,1.45,0,9.3,0.329,71.3,2,271.0,24,10,5.4,48.3,78.8,0,8.4,0.49,0,1.2,-0.3599999999999999,47.815000000000005,11.291666666666666,63.55,3.0597000000000003,0.0,Developing,5.605802066295998,False,True,False,False,False,False,True,False,False,False
Argentina,ARG,CONMEBOL,1,1917.5,9,2,0,0.8,1.87,0.8,6,14.6,0.484,87.2,5,994.0,65,25,8.8,64.6,92.0,0,7.7,0.55,1,2.4545454545454546,1.07,69.32000000000001,15.292307692307693,78.3,7.0664,0.6,Elite,6.902742737158593,False,False,False,True,False,False,False,True,False,False
Portugal,POR,UEFA,13,1767.9,8,1,1,0.623,1.5,1.2,3,15.7,0.415,84.7,3,799.0,39,17,7.1,53.4,89.5,0,7.9,0.45,0,2.5,0.30000000000000004,60.724999999999994,20.487179487179485,71.45,6.515499999999999,0.3,Strong,6.684611727667927,False,False,False,False,False,True,False,False,False,True
Brazil,BRA,CONMEBOL,6,1786.0,9,2,0,0.697,2.78,0.73,7,15.7,0.448,85.3,5,1109.0,42,22,8.8,65.0,92.8,0,6.3,0.72,1,2.4545454545454546,2.05,67.625,26.404761904761905,78.9,7.0336,0.7,Elite,7.01211529430638,False,False,False,True,False,False,False,True,False,False
Chile,CHI,CONMEBOL,42,1486.2,4,7,0,0.426,1.15,1.93,0,7.1,0.284,72.3,0,214.0,29,4,3.3,44.9,70.8,0,5.0,0.69,0,1.0909090909090908,-0.78,41.114999999999995,7.379310344827586,57.849999999999994,2.0163999999999995,0.0,Developing,5.3706380281276624,False,False,False,True,False,False,True,False,False,False
Senegal,SEN,CAF,14,1691.6,5,3,2,0.533,1.19,1.05,1,9.1,0.311,79.9,3,401.0,29,7,4.7,48.0,76.8,0,9.6,0.4,1,1.7,0.1399999999999999,49.745,13.827586206896552,62.4,2.8301,0.1,Strong,5.996452088619021,False,True,False,False,False,False,False,False,False,True
Paraguay,PAR,CONMEBOL,32,1405.3,3,6,1,0.379,0.98,1.71,0,8.2,0.228,73.3,2,246.0,34,3,2.8,49.9,73.7,0,4.8,0.61,1,1.0,-0.73,39.245,7.235294117647059,61.8,1.8696,0.0,Mid,5.5093883366279774,False,False,False,True,False,False,False,False,True,False
Germany,DEU,UEFA,9,1803.0,8,2,0,0.576,2.13,1.06,4,16.9,0.452,81.0,3,468.0,42,7,7.8,53.3,83.5,0,7.3,0.57,1,2.4,1.0699999999999998,61.41,11.142857142857142,68.4,7.6388,0.4,Elite,6.150602768446279,False,False,False,False,False,True,False,True,False,False
France,FRA,UEFA,8,1823.4,7,1,2,0.758,2.75,0.86,4,19.3,0.512,89.3,5,722.0,54,16,7.4,59.9,88.6,0,7.3,0.63,1,2.3,1.8900000000000001,64.735,13.37037037037037,74.25,9.8816,0.4,Elite,6.583409222158765,False,False,False,False,False,True,False,True,False,False
Costa Rica,CRC,CONCACAF,31,1449.7,2,7,1,0.377,0.96,1.24,2,6.3,0.352,71.5,0,270.0,25,4,3.8,43.0,77.9,0,1.3,0.85,1,0.7,-0.28,42.095,10.8,60.45,2.2176,0.2,Mid,5.602118820879701,False,False,True,False,False,False,False,False,True,False
Paraguay,PAR,CONMEBOL,35,1433.9,1,6,3,0.449,1.28,1.98,0,9.1,0.286,70.6,0,228.0,17,7,5.2,48.5,79.9,0,6.8,0.74,0,0.6,-0.7,47.4,13.411764705882353,64.2,2.6026,0.0,Mid,5.43372200355424,False,False,False,True,False,False,False,False,True,False
Belgium,BEL,UEFA,16,1803.4,5,1,4,0.666,1.94,0.9,4,14.7,0.407,82.2,3,817.0,40,14,8.2,56.0,87.6,0,7.8,0.55,1,1.9,1.04,64.13,20.425,71.8,5.982899999999999,0.4,Strong,6.706862336602747,False,False,False,False,False,True,False,False,False,True
Colombia,COL,CONMEBOL,12,1728.1,6,1,3,0.708,2.03,1.04,5,16.3,0.381,80.3,4,631.0,42,20,7.9,53.4,88.0,0,6.1,0.72,1,2.1,0.9899999999999998,62.834999999999994,15.023809523809524,70.7,6.2103,0.5,Strong,6.448889394146858,False,False,False,True,False,False,False,False,False,True
England,ENG,UEFA,5,1899.5,9,2,0,0.68,1.99,0.96,7,16.8,0.498,86.3,4,716.0,50,25,7.5,64.0,92.5,0,5.6,0.73,0,2.4545454545454546,1.03,63.254999999999995,14.32,78.25,8.3664,0.7,Elite,6.57507584059962,False,False,False,False,False,True,False,True,False,False
Ivory Coast,CIV,CAF,41,1457.4,4,4,2,0.223,1.09,1.24,0,7.0,0.243,70.0,0,313.0,35,3,5.1,42.6,71.9,0,8.7,0.42,0,1.4,-0.1499999999999999,44.57999999999999,8.942857142857143,57.25,1.701,0.0,Developing,5.749392985908253,False,True,False,False,False,False,True,False,False,False
Belgium,BEL,UEFA,9,1681.3,6,1,3,0.59,1.52,0.98,4,13.3,0.374,81.2,3,711.0,48,10,7.5,56.9,86.2,0,7.5,0.52,0,2.1,0.54,60.57,14.8125,71.55,4.974200000000001,0.4,Elite,6.568077911411976,False,False,False,False,False,True,False,True,False,False
Denmark,DEN,UEFA,17,1613.3,5,2,3,0.588,1.34,0.88,1,12.6,0.385,79.4,2,322.0,32,9,5.9,55.5,75.0,0,5.5,0.61,0,1.8,0.4600000000000001,54.32,10.0625,65.25,4.851,0.1,Strong,5.777652323222656,False,False,False,False,False,True,False,False,False,True
Argentina,ARG,CONMEBOL,1,1993.2,9,0,1,0.768,2.35,0.68,6,14.4,0.461,85.4,4,905.0,60,13,8.8,67.7,89.3,0,6.9,0.76,1,2.8,1.67,68.37,15.083333333333334,78.5,6.638400000000001,0.6,Elite,6.80903930604298,False,False,False,True,False,False,False,True,False,False
Chile,CHI,CONMEBOL,42,1454.3,1,5,4,0.324,1.03,1.27,0,8.1,0.276,74.1,2,224.0,29,8,3.4,43.2,73.0,0,6.5,0.64,0,0.7,-0.24,41.074999999999996,7.724137931034483,58.1,2.2356000000000003,0.0,Developing,5.41610040220442,False,False,False,True,False,False,True,False,False,False
England,ENG,UEFA,5,1854.5,7,0,3,0.757,2.45,0.61,6,16.9,0.432,85.0,4,742.0,64,25,7.9,56.2,92.7,0,8.9,0.53,1,2.4,1.8400000000000003,64.97,11.59375,74.45,7.3008,0.6,Elite,6.610696044717759,False,False,False,False,False,True,False,True,False,False
USA,USA,CONCACAF,18,1631.3,4,2,4,0.48,1.59,1.11,4,12.8,0.388,78.5,1,290.0,34,5,6.4,47.8,79.0,1,2.5,0.73,1,1.6,0.48,54.675,8.529411764705882,63.4,4.9664,0.4,Strong,5.673323267171493,False,False,True,False,False,False,False,False,False,True
Austria,AUT,UEFA,24,1547.2,4,2,4,0.551,1.17,1.17,2,11.1,0.361,80.7,2,278.0,37,14,6.8,49.7,84.9,0,7.1,0.54,1,1.6,0.0,57.555,7.513513513513513,67.30000000000001,4.007099999999999,0.2,Mid,5.631211781821365,False,False,False,False,False,True,False,False,True,False
Nigeria,NGA,CAF,43,1401.7,2,5,3,0.231,0.72,1.42,1,7.2,0.267,76.6,2,201.0,18,10,2.8,42.7,74.1,0,7.3,0.48,1,0.9,-0.7,38.919999999999995,11.166666666666666,58.4,1.9224,0.1,Developing,5.308267697401205,False,True,False,False,False,False,True,False,False,False
Ivory Coast,CIV,CAF,50,1549.5,1,6,3,0.376,1.17,1.74,1,10.1,0.283,76.0,1,367.0,32,8,4.0,46.9,73.6,0,10.6,0.42,1,0.6,-0.5700000000000001,44.35999999999999,11.46875,60.25,2.8583,0.1,Developing,5.908082938168931,False,True,False,False,False,False,True,False,False,False
Mexico,MEX,CONCACAF,24,1515.1,3,4,3,0.424,1.69,0.81,3,12.4,0.347,76.8,1,460.0,30,8,5.9,55.2,75.1,1,2.2,0.78,1,1.2,0.8799999999999999,51.77,15.333333333333334,65.15,4.3027999999999995,0.3,Mid,6.133398042996649,False,False,True,False,False,False,False,False,True,False
Nigeria,NGA,CAF,36,1443.7,2,5,3,0.409,0.91,1.93,1,10.0,0.251,71.9,2,278.0,32,5,3.2,41.7,78.8,0,9.2,0.32,0,0.9,-1.02,40.455,8.6875,60.25,2.51,0.1,Developing,5.631211781821365,False,True,False,False,False,False,True,False,False,False
England,ENG,UEFA,6,1970.3,8,2,0,0.786,2.01,0.88,6,18.3,0.497,88.4,4,825.0,53,9,7.0,59.6,88.2,0,7.5,0.72,1,2.4,1.13,63.3,15.566037735849056,73.9,9.0951,0.6,Elite,6.716594773520978,False,False,False,False,False,True,False,True,False,False
Colombia,COL,CONMEBOL,9,1817.2,6,3,1,0.673,1.97,1.16,3,13.3,0.401,82.5,4,711.0,47,13,5.6,53.8,82.5,0,4.2,0.63,1,1.9,0.81,55.205,15.127659574468085,68.15,5.3333,0.3,Elite,6.568077911411976,False,False,False,True,False,False,False,True,False,False
Argentina,ARG,CONMEBOL,5,1854.9,6,1,3,0.729,2.51,0.44,4,18.7,0.541,87.4,4,1173.0,47,16,9.3,58.5,92.8,0,7.3,0.63,1,2.1,2.07,70.43,24.95744680851064,75.65,10.1167,0.4,Elite,7.068172000388042,False,False,False,True,False,False,False,True,False,False
Denmark,DEN,UEFA,23,1572.2,3,4,3,0.436,1.05,1.23,1,12.3,0.358,77.3,2,471.0,31,13,4.8,47.6,77.2,0,6.4,0.67,0,1.2,-0.17999999999999994,48.214999999999996,15.193548387096774,62.400000000000006,4.4034,0.1,Mid,6.156978985585555,False,False,False,False,False,True,False,False,True,False
Colombia,COL,CONMEBOL,14,1675.6,7,3,0,0.588,2.12,0.89,4,12.4,0.445,79.1,2,502.0,48,11,7.4,55.8,86.5,0,5.7,0.64,1,2.1,1.23,59.464999999999996,10.458333333333334,71.15,5.518000000000001,0.4,Strong,6.220590170099739,False,False,False,True,False,False,False,False,False,True
Ivory Coast,CIV,CAF,28,1410.1,3,6,1,0.235,0.56,1.79,1,9.0,0.326,72.1,0,373.0,18,3,4.0,44.2,79.5,0,10.8,0.26,0,1.0,-1.23,41.585,20.72222222222222,61.85,2.934,0.1,Mid,5.924255797414532,False,True,False,False,False,False,False,False,True,False
Brazil,BRA,CONMEBOL,2,1973.5,8,0,2,0.708,1.96,0.49,3,14.7,0.469,84.3,5,1142.0,58,8,9.2,62.7,91.0,0,7.6,0.61,0,2.6,1.47,68.785,19.689655172413794,76.85,6.894299999999999,0.3,Elite,7.04141166379481,False,False,False,True,False,False,False,True,False,False
Uruguay,URU,CONMEBOL,5,1675.4,6,3,1,0.592,1.67,1.18,4,13.2,0.372,82.9,3,637.0,43,7,7.3,51.3,80.8,0,4.1,0.74,1,1.9,0.49,60.485,14.813953488372093,66.05,4.9104,0.4,Elite,6.45833828334479,False,False,False,True,False,False,False,True,False,False
USA,USA,CONCACAF,30,1713.1,5,2,3,0.575,1.6,1.41,3,12.2,0.307,79.0,3,313.0,32,15,6.8,52.5,80.6,1,1.2,0.86,0,1.8,0.19000000000000017,57.2,9.78125,66.55,3.7453999999999996,0.3,Mid,5.749392985908253,False,False,True,False,False,False,False,False,True,False
Ivory Coast,CIV,CAF,48,1433.8,1,6,3,0.365,1.0,1.62,0,10.0,0.238,70.7,1,374.0,25,3,3.4,48.2,75.1,0,7.2,0.42,0,0.6,-0.6200000000000001,40.295,14.96,61.65,2.38,0.0,Developing,5.926926025970411,False,True,False,False,False,False,True,False,False,False
Wales,WAL,UEFA,40,1463.2,3,7,0,0.36,0.62,1.47,2,6.5,0.345,70.1,2,349.0,23,9,4.0,48.4,78.5,0,7.3,0.53,0,0.9,-0.85,42.135,15.173913043478262,63.45,2.2424999999999997,0.2,Developing,5.857933154483459,False,False,False,False,False,True,True,False,False,False
